{
    "model": {
        "type": "minecraft:select",
        "property": "minecraft:display_context",
        "cases": [
            {
                "when": "gui",
                "model": {
                    "type": "minecraft:model",
                    "model": "minecraft:item/filled_map",
                    "tints": [
                        {
                            "type": "minecraft:constant",
                            "value": -1
                        },
                        {
                            "type": "minecraft:map_color",
                            "default": 4603950
                        }
                    ]
                }
            }
        ],
        "fallback": {
            "type": "minecraft:model",
            "model": "minecraft:item/air"
        }
    }
}
