{
  "model": {
    "type": "minecraft:select",
    "property": "minecraft:display_context",
    "cases": [
      {
        "when": "gui",
        "model": {
          "type": "minecraft:range_dispatch",
          "property": "minecraft:custom_model_data",
          "index": 2,
          "entries": [
            {
              "threshold": 0,
              "model": {
                "type": "minecraft:range_dispatch",
                "property": "minecraft:custom_model_data",
                "index": 0,
                "entries": [
                  {
                    "threshold": 0,
                    "model": {
                      "type": "minecraft:range_dispatch",
                      "property": "minecraft:custom_model_data",
                      "index": 1,
                      "entries": [
                        {
                          "threshold": 0,
                          "model": {
                            "type": "minecraft:model",
                            "model": "ww:item/3_slot_hotbar/gameplay/no_gavel/0/4"
                          }
                        },
                        {
                          "threshold": 0.25,
                          "model": {
                            "type": "minecraft:model",
                            "model": "ww:item/3_slot_hotbar/gameplay/no_gavel/0/3"
                          }
                        },
                        {
                          "threshold": 0.5,
                          "model": {
                            "type": "minecraft:model",
                            "model": "ww:item/3_slot_hotbar/gameplay/no_gavel/0/2"
                          }
                        },
                        {
                          "threshold": 0.75,
                          "model": {
                            "type": "minecraft:model",
                            "model": "ww:item/3_slot_hotbar/gameplay/no_gavel/0/1"
                          }
                        },
                        {
                          "threshold": 1,
                          "model": {
                            "type": "minecraft:model",
                            "model": "ww:item/3_slot_hotbar/gameplay/no_gavel/0/0"
                          }
                        }
                      ],
                      "fallback": {
                        "type": "minecraft:model",
                        "model": "ww:item/3_slot_hotbar/gameplay/no_gavel/0/empty"
                      }
                    }
                  },
                  {
                    "threshold": 1,
                    "model": {
                      "type": "minecraft:range_dispatch",
                      "property": "minecraft:custom_model_data",
                      "index": 1,
                      "entries": [
                        {
                          "threshold": 0,
                          "model": {
                            "type": "minecraft:model",
                            "model": "ww:item/3_slot_hotbar/gameplay/no_gavel/1/4"
                          }
                        },
                        {
                          "threshold": 0.25,
                          "model": {
                            "type": "minecraft:model",
                            "model": "ww:item/3_slot_hotbar/gameplay/no_gavel/1/3"
                          }
                        },
                        {
                          "threshold": 0.5,
                          "model": {
                            "type": "minecraft:model",
                            "model": "ww:item/3_slot_hotbar/gameplay/no_gavel/1/2"
                          }
                        },
                        {
                          "threshold": 0.75,
                          "model": {
                            "type": "minecraft:model",
                            "model": "ww:item/3_slot_hotbar/gameplay/no_gavel/1/1"
                          }
                        },
                        {
                          "threshold": 1,
                          "model": {
                            "type": "minecraft:model",
                            "model": "ww:item/3_slot_hotbar/gameplay/no_gavel/1/0"
                          }
                        }
                      ],
                      "fallback": {
                        "type": "minecraft:model",
                        "model": "ww:item/3_slot_hotbar/gameplay/no_gavel/1/empty"
                      }
                    }
                  },
                  {
                    "threshold": 2,
                    "model": {
                      "type": "minecraft:range_dispatch",
                      "property": "minecraft:custom_model_data",
                      "index": 1,
                      "entries": [
                        {
                          "threshold": 0,
                          "model": {
                            "type": "minecraft:model",
                            "model": "ww:item/3_slot_hotbar/gameplay/no_gavel/2/4"
                          }
                        },
                        {
                          "threshold": 0.25,
                          "model": {
                            "type": "minecraft:model",
                            "model": "ww:item/3_slot_hotbar/gameplay/no_gavel/2/3"
                          }
                        },
                        {
                          "threshold": 0.5,
                          "model": {
                            "type": "minecraft:model",
                            "model": "ww:item/3_slot_hotbar/gameplay/no_gavel/2/2"
                          }
                        },
                        {
                          "threshold": 0.75,
                          "model": {
                            "type": "minecraft:model",
                            "model": "ww:item/3_slot_hotbar/gameplay/no_gavel/2/1"
                          }
                        },
                        {
                          "threshold": 1,
                          "model": {
                            "type": "minecraft:model",
                            "model": "ww:item/3_slot_hotbar/gameplay/no_gavel/2/0"
                          }
                        }
                      ],
                      "fallback": {
                        "type": "minecraft:model",
                        "model": "ww:item/3_slot_hotbar/gameplay/no_gavel/2/empty"
                      }
                    }
                  }
                ]
              }
            },
            {
              "threshold": 1,
              "model": {
                "type": "minecraft:range_dispatch",
                "property": "minecraft:custom_model_data",
                "index": 3,
                "entries": [
                  {
                    "threshold": 0,
                    "model": {
                      "type": "minecraft:range_dispatch",
                      "property": "minecraft:custom_model_data",
                      "index": 0,
                      "entries": [
                        {
                          "threshold": 0,
                          "model": {
                            "type": "minecraft:range_dispatch",
                            "property": "minecraft:custom_model_data",
                            "index": 1,
                            "entries": [
                              {
                                "threshold": 0,
                                "model": {
                                  "type": "minecraft:model",
                                  "model": "ww:item/3_slot_hotbar/gameplay/gavel/up/0/4"
                                }
                              },
                              {
                                "threshold": 0.25,
                                "model": {
                                  "type": "minecraft:model",
                                  "model": "ww:item/3_slot_hotbar/gameplay/gavel/up/0/4"
                                }
                              },
                              {
                                "threshold": 0.5,
                                "model": {
                                  "type": "minecraft:model",
                                  "model": "ww:item/3_slot_hotbar/gameplay/gavel/up/0/4"
                                }
                              },
                              {
                                "threshold": 0.75,
                                "model": {
                                  "type": "minecraft:model",
                                  "model": "ww:item/3_slot_hotbar/gameplay/gavel/up/0/4"
                                }
                              },
                              {
                                "threshold": 1,
                                "model": {
                                  "type": "minecraft:model",
                                  "model": "ww:item/3_slot_hotbar/gameplay/gavel/up/0/4"
                                }
                              }
                            ],
                            "fallback": {
                              "type": "minecraft:model",
                              "model": "ww:item/3_slot_hotbar/gameplay/gavel/up/0/empty"
                            }
                          }
                        },
                        {
                          "threshold": 1,
                          "model": {
                            "type": "minecraft:range_dispatch",
                            "property": "minecraft:custom_model_data",
                            "index": 1,
                            "entries": [
                              {
                                "threshold": 0,
                                "model": {
                                  "type": "minecraft:model",
                                  "model": "ww:item/3_slot_hotbar/gameplay/gavel/up/1/4"
                                }
                              },
                              {
                                "threshold": 0.25,
                                "model": {
                                  "type": "minecraft:model",
                                  "model": "ww:item/3_slot_hotbar/gameplay/gavel/up/1/4"
                                }
                              },
                              {
                                "threshold": 0.5,
                                "model": {
                                  "type": "minecraft:model",
                                  "model": "ww:item/3_slot_hotbar/gameplay/gavel/up/1/4"
                                }
                              },
                              {
                                "threshold": 0.75,
                                "model": {
                                  "type": "minecraft:model",
                                  "model": "ww:item/3_slot_hotbar/gameplay/gavel/up/1/4"
                                }
                              },
                              {
                                "threshold": 1,
                                "model": {
                                  "type": "minecraft:model",
                                  "model": "ww:item/3_slot_hotbar/gameplay/gavel/up/1/4"
                                }
                              }
                            ],
                            "fallback": {
                              "type": "minecraft:model",
                              "model": "ww:item/3_slot_hotbar/gameplay/gavel/up/1/empty"
                            }
                          }
                        },
                        {
                          "threshold": 2,
                          "model": {
                            "type": "minecraft:range_dispatch",
                            "property": "minecraft:custom_model_data",
                            "index": 1,
                            "entries": [
                              {
                                "threshold": 0,
                                "model": {
                                  "type": "minecraft:model",
                                  "model": "ww:item/3_slot_hotbar/gameplay/gavel/up/2/4"
                                }
                              },
                              {
                                "threshold": 0.25,
                                "model": {
                                  "type": "minecraft:model",
                                  "model": "ww:item/3_slot_hotbar/gameplay/gavel/up/2/4"
                                }
                              },
                              {
                                "threshold": 0.5,
                                "model": {
                                  "type": "minecraft:model",
                                  "model": "ww:item/3_slot_hotbar/gameplay/gavel/up/2/4"
                                }
                              },
                              {
                                "threshold": 0.75,
                                "model": {
                                  "type": "minecraft:model",
                                  "model": "ww:item/3_slot_hotbar/gameplay/gavel/up/2/4"
                                }
                              },
                              {
                                "threshold": 1,
                                "model": {
                                  "type": "minecraft:model",
                                  "model": "ww:item/3_slot_hotbar/gameplay/gavel/up/2/4"
                                }
                              }
                            ],
                            "fallback": {
                              "type": "minecraft:model",
                              "model": "ww:item/3_slot_hotbar/gameplay/gavel/up/2/empty"
                            }
                          }
                        }
                      ]
                    }
                  },
                  {
                    "threshold": 1,
                    "model": {
                      "type": "minecraft:range_dispatch",
                      "property": "minecraft:custom_model_data",
                      "index": 0,
                      "entries": [
                        {
                          "threshold": 0,
                          "model": {
                            "type": "minecraft:range_dispatch",
                            "property": "minecraft:custom_model_data",
                            "index": 1,
                            "entries": [
                              {
                                "threshold": 0,
                                "model": {
                                  "type": "minecraft:model",
                                  "model": "ww:item/3_slot_hotbar/gameplay/gavel/down/0/4"
                                }
                              },
                              {
                                "threshold": 0.25,
                                "model": {
                                  "type": "minecraft:model",
                                  "model": "ww:item/3_slot_hotbar/gameplay/gavel/down/0/4"
                                }
                              },
                              {
                                "threshold": 0.5,
                                "model": {
                                  "type": "minecraft:model",
                                  "model": "ww:item/3_slot_hotbar/gameplay/gavel/down/0/4"
                                }
                              },
                              {
                                "threshold": 0.75,
                                "model": {
                                  "type": "minecraft:model",
                                  "model": "ww:item/3_slot_hotbar/gameplay/gavel/down/0/4"
                                }
                              },
                              {
                                "threshold": 1,
                                "model": {
                                  "type": "minecraft:model",
                                  "model": "ww:item/3_slot_hotbar/gameplay/gavel/down/0/4"
                                }
                              }
                            ],
                            "fallback": {
                              "type": "minecraft:model",
                              "model": "ww:item/3_slot_hotbar/gameplay/gavel/down/0/empty"
                            }
                          }
                        },
                        {
                          "threshold": 1,
                          "model": {
                            "type": "minecraft:range_dispatch",
                            "property": "minecraft:custom_model_data",
                            "index": 1,
                            "entries": [
                              {
                                "threshold": 0,
                                "model": {
                                  "type": "minecraft:model",
                                  "model": "ww:item/3_slot_hotbar/gameplay/gavel/down/1/4"
                                }
                              },
                              {
                                "threshold": 0.25,
                                "model": {
                                  "type": "minecraft:model",
                                  "model": "ww:item/3_slot_hotbar/gameplay/gavel/down/1/4"
                                }
                              },
                              {
                                "threshold": 0.5,
                                "model": {
                                  "type": "minecraft:model",
                                  "model": "ww:item/3_slot_hotbar/gameplay/gavel/down/1/4"
                                }
                              },
                              {
                                "threshold": 0.75,
                                "model": {
                                  "type": "minecraft:model",
                                  "model": "ww:item/3_slot_hotbar/gameplay/gavel/down/1/4"
                                }
                              },
                              {
                                "threshold": 1,
                                "model": {
                                  "type": "minecraft:model",
                                  "model": "ww:item/3_slot_hotbar/gameplay/gavel/down/1/4"
                                }
                              }
                            ],
                            "fallback": {
                              "type": "minecraft:model",
                              "model": "ww:item/3_slot_hotbar/gameplay/gavel/down/1/empty"
                            }
                          }
                        },
                        {
                          "threshold": 2,
                          "model": {
                            "type": "minecraft:range_dispatch",
                            "property": "minecraft:custom_model_data",
                            "index": 1,
                            "entries": [
                              {
                                "threshold": 0,
                                "model": {
                                  "type": "minecraft:model",
                                  "model": "ww:item/3_slot_hotbar/gameplay/gavel/down/2/4"
                                }
                              },
                              {
                                "threshold": 0.25,
                                "model": {
                                  "type": "minecraft:model",
                                  "model": "ww:item/3_slot_hotbar/gameplay/gavel/down/2/4"
                                }
                              },
                              {
                                "threshold": 0.5,
                                "model": {
                                  "type": "minecraft:model",
                                  "model": "ww:item/3_slot_hotbar/gameplay/gavel/down/2/4"
                                }
                              },
                              {
                                "threshold": 0.75,
                                "model": {
                                  "type": "minecraft:model",
                                  "model": "ww:item/3_slot_hotbar/gameplay/gavel/down/2/4"
                                }
                              },
                              {
                                "threshold": 1,
                                "model": {
                                  "type": "minecraft:model",
                                  "model": "ww:item/3_slot_hotbar/gameplay/gavel/down/2/4"
                                }
                              }
                            ],
                            "fallback": {
                              "type": "minecraft:model",
                              "model": "ww:item/3_slot_hotbar/gameplay/gavel/down/2/empty"
                            }
                          }
                        }
                      ]
                    }
                  }
                ]
              }
            }
          ]
        }
      }
    ],
    "fallback": {
      "type": "minecraft:empty"
    }
  },
  "hand_animation_on_swap": false,
  "oversized_in_gui": true,
  "swap_animation_scale": 0
}