{
  "model": {
    "type": "minecraft:select",
    "property": "minecraft:display_context",
    "cases": [
      {
        "when": "gui",
        "model": {
          "type": "minecraft:select",
          "property": "minecraft:custom_model_data",
          "index": 0,
          "cases": [
            {
              "when": "0",
              "model": {
                "type": "minecraft:model",
                "model": "ww:item/3_slot_hotbar/gameplay/0"
              }
            },
            {
              "when": "1",
              "model": {
                "type": "minecraft:model",
                "model": "ww:item/3_slot_hotbar/gameplay/1"
              }
            },
            {
              "when": "2",
              "model": {
                "type": "minecraft:model",
                "model": "ww:item/3_slot_hotbar/gameplay/2"
              }
            }
          ],
          "fallback": {
            "type": "minecraft:model",
            "model": "ww:item/3_slot_hotbar/gameplay/0"
          }
        }
      }
    ],
    "fallback": {
      "type": "minecraft:empty"
    }
  },
  "hand_animation_on_swap": false,
  "oversized_in_gui": true,
  "swap_animation_scale": 0
}