{
	"format_version": "1.21.11",
	"texture_size": [64, 64],
	"textures": {
		"0": "ww:item/skin/mosquito/head",
		"particle": "ww:item/skin/mosquito/head"
	},
	"elements": [
		{
			"from": [5.5, 0, 5],
			"to": [10.5, 5, 10],
			"rotation": {"angle": 0, "axis": "y", "origin": [8, 3, 8]},
			"faces": {
				"north": {"uv": [1.25, 1.25, 2.5, 2.5], "texture": "#0"},
				"east": {"uv": [0, 1.25, 1.25, 2.5], "texture": "#0"},
				"south": {"uv": [3.75, 1.25, 5, 2.5], "texture": "#0"},
				"west": {"uv": [2.5, 1.25, 3.75, 2.5], "texture": "#0"},
				"up": {"uv": [2.5, 1.25, 1.25, 0], "texture": "#0"},
				"down": {"uv": [3.75, 0, 2.5, 1.25], "texture": "#0"}
			}
		},
		{
			"from": [3.5, -1, 7.975],
			"to": [12.5, 6, 10.975],
			"rotation": {"angle": 0, "axis": "y", "origin": [6.88268, 2.07612, 8.975]},
			"faces": {
				"south": {"uv": [0.75, 10.25, 3, 12], "texture": "#0"},
				"down": {"uv": [2.25, 9.5, 0, 10.25], "texture": "#0"}
			}
		},
		{
			"from": [12.5, 6, 10.975],
			"to": [3.5, -1, 7.975],
			"rotation": {"angle": 0, "axis": "y", "origin": [15.88268, 9.07612, 11.975]},
			"faces": {
				"north": {"uv": [3.75, 12, 6, 10.25], "texture": "#0"},
				"up": {"uv": [5.25, 9.5, 3, 10.25], "texture": "#0"}
			}
		},
		{
			"from": [6.88268, -1.07612, 5],
			"to": [11.88268, 4.92388, 11],
			"rotation": {"angle": -22.5, "axis": "z", "origin": [11.88268, -0.07612, 9]},
			"faces": {
				"north": {"uv": [1.5, 8, 2.75, 9.5], "texture": "#0"},
				"east": {"uv": [0, 8, 1.5, 9.5], "texture": "#0"},
				"south": {"uv": [4.25, 8, 5.5, 9.5], "texture": "#0"},
				"down": {"uv": [4, 6.5, 2.75, 8], "texture": "#0"}
			}
		},
		{
			"from": [13.79818, 2.55374, 11],
			"to": [8.79818, -3.44626, 5],
			"rotation": {"angle": -22.5, "axis": "z", "origin": [18.79818, 3.55374, 15]},
			"faces": {
				"north": {"uv": [9.75, 9.5, 11, 8], "texture": "#0"},
				"south": {"uv": [7, 9.5, 8.25, 8], "texture": "#0"},
				"west": {"uv": [5.5, 9.5, 7, 8], "texture": "#0"},
				"up": {"uv": [8.25, 6.5, 9.5, 8], "texture": "#0"}
			}
		},
		{
			"from": [7.20182, 2.55374, 11],
			"to": [2.20182, -3.44626, 5],
			"rotation": {"angle": 22.5, "axis": "z", "origin": [-2.79818, 3.55374, 15]},
			"faces": {
				"north": {"uv": [11, 9.5, 9.75, 8], "texture": "#0"},
				"east": {"uv": [7, 9.5, 5.5, 8], "texture": "#0"},
				"south": {"uv": [8.25, 9.5, 7, 8], "texture": "#0"},
				"up": {"uv": [9.5, 6.5, 8.25, 8], "texture": "#0"}
			}
		},
		{
			"from": [4.11732, -1.07612, 5],
			"to": [9.11732, 4.92388, 11],
			"rotation": {"angle": 22.5, "axis": "z", "origin": [4.11732, -0.07612, 9]},
			"faces": {
				"north": {"uv": [2.75, 8, 1.5, 9.5], "texture": "#0"},
				"south": {"uv": [5.5, 8, 4.25, 9.5], "texture": "#0"},
				"west": {"uv": [1.5, 8, 0, 9.5], "texture": "#0"},
				"down": {"uv": [2.75, 6.5, 4, 8], "texture": "#0"}
			}
		},
		{
			"from": [5.5, 1, 2],
			"to": [10.5, 1, 5],
			"rotation": {"angle": -22.5, "axis": "x", "origin": [8, 1, 5]},
			"faces": {
				"north": {"uv": [0, 4.75, 1.25, 4.75], "texture": "#0"},
				"east": {"uv": [-0.75, 4.75, 0, 4.75], "texture": "#0"},
				"south": {"uv": [2, 4.75, 3.25, 4.75], "texture": "#0"},
				"west": {"uv": [1.25, 4.75, 2, 4.75], "texture": "#0"},
				"up": {"uv": [1.25, 4.75, 0, 4], "texture": "#0"},
				"down": {"uv": [2.5, 4, 1.25, 4.75], "texture": "#0"}
			}
		},
		{
			"from": [4.5, 5, 6],
			"to": [11.5, 11, 6],
			"rotation": {"angle": -22.5, "axis": "x", "origin": [8, 5, 6]},
			"faces": {
				"north": {"uv": [0, 4.75, 1.75, 6.25], "texture": "#0"},
				"south": {"uv": [0, 4.75, 1.75, 6.25], "texture": "#0"}
			}
		},
		{
			"from": [8, -7, 3],
			"to": [8, 2, 6],
			"rotation": {"angle": 45, "axis": "x", "origin": [8, 0, 5]},
			"faces": {
				"east": {"uv": [3, 2.5, 3.75, 4.75], "texture": "#0"},
				"west": {"uv": [3.75, 2.5, 3, 4.75], "texture": "#0"}
			}
		},
		{
			"from": [8.5, 1, 4],
			"to": [11.5, 4, 7],
			"rotation": {"angle": 0, "axis": "y", "origin": [8, 3, 8]},
			"faces": {
				"north": {"uv": [0.75, 3.25, 1.5, 4], "texture": "#0"},
				"east": {"uv": [0, 3.25, 0.75, 4], "texture": "#0"},
				"south": {"uv": [2.25, 3.25, 3, 4], "texture": "#0"},
				"west": {"uv": [1.5, 3.25, 2.25, 4], "texture": "#0"},
				"up": {"uv": [1.5, 3.25, 0.75, 2.5], "texture": "#0"},
				"down": {"uv": [2.25, 2.5, 1.5, 3.25], "texture": "#0"}
			}
		},
		{
			"from": [4.5, 1, 4],
			"to": [7.5, 4, 7],
			"rotation": {"angle": 0, "axis": "y", "origin": [8, 3, 8]},
			"faces": {
				"north": {"uv": [0.75, 3.25, 1.5, 4], "texture": "#0"},
				"east": {"uv": [0, 3.25, 0.75, 4], "texture": "#0"},
				"south": {"uv": [2.25, 3.25, 3, 4], "texture": "#0"},
				"west": {"uv": [1.5, 3.25, 2.25, 4], "texture": "#0"},
				"up": {"uv": [1.5, 3.25, 0.75, 2.5], "texture": "#0"},
				"down": {"uv": [2.25, 2.5, 1.5, 3.25], "texture": "#0"}
			}
		}
	],
	"display": {
		"thirdperson_righthand": {
			"scale": [0, 0, 0]
		},
		"thirdperson_lefthand": {
			"scale": [0, 0, 0]
		},
		"firstperson_righthand": {
			"scale": [0, 0, 0]
		},
		"firstperson_lefthand": {
			"scale": [0, 0, 0]
		},
		"ground": {
			"scale": [0, 0, 0]
		},
		"gui": {
			"scale": [0, 0, 0]
		},
		"head": {
			"translation": [0, 6.4, 0],
			"scale": [1.6, 1.6, 1.6]
		}
	},
	"groups": [
		{
			"name": "Head7",
			"origin": [60, 24, 0],
			"color": 0,
			"children": [0, 1, 2, 3, 4, 5, 6, 7, 8, 9, 10, 11]
		}
	]
}