{
	"format_version": "1.21.11",
	"texture_size": [64, 64],
	"textures": {
		"0": "ww:item/skin/parrot/head",
		"particle": "ww:item/skin/parrot/head"
	},
	"elements": [
		{
			"from": [5, 0, 4],
			"to": [11, 8, 12],
			"rotation": {"angle": 0, "axis": "y", "origin": [10, 0, 5]},
			"faces": {
				"north": {"uv": [2, 2, 3.5, 4], "texture": "#0"},
				"east": {"uv": [0, 2, 2, 4], "texture": "#0"},
				"south": {"uv": [5.5, 2, 7, 4], "texture": "#0"},
				"west": {"uv": [3.5, 2, 5.5, 4], "texture": "#0"},
				"up": {"uv": [3.5, 2, 2, 0], "texture": "#0"},
				"down": {"uv": [5, 0, 3.5, 2], "texture": "#0"}
			}
		},
		{
			"from": [4.5, -0.5, 2.5],
			"to": [11.5, 8.5, 12.5],
			"rotation": {"angle": 0, "axis": "y", "origin": [10, 0, 5]},
			"faces": {
				"north": {"uv": [9.25, 2.25, 10.75, 4.25], "texture": "#0"},
				"east": {"uv": [7, 2.25, 9.25, 4.25], "texture": "#0"},
				"south": {"uv": [13, 2.25, 14.5, 4.25], "texture": "#0"},
				"west": {"uv": [10.75, 2.25, 13, 4.25], "texture": "#0"},
				"up": {"uv": [10.75, 2.25, 9.25, 0], "texture": "#0"},
				"down": {"uv": [12.25, 0, 10.75, 2.25], "texture": "#0"}
			}
		},
		{
			"from": [11.5, 8.5, 12.5],
			"to": [4.5, -0.5, 2.5],
			"rotation": {"angle": 0, "axis": "y", "origin": [16, 8, 14]},
			"faces": {
				"north": {"uv": [13, 4.25, 14.5, 2.25], "texture": "#0"},
				"east": {"uv": [10.75, 4.25, 13, 2.25], "texture": "#0"},
				"south": {"uv": [9.25, 4.25, 10.75, 2.25], "texture": "#0"},
				"west": {"uv": [7, 4.25, 9.25, 2.25], "texture": "#0"},
				"up": {"uv": [12.25, 0, 10.75, 2.25], "texture": "#0"},
				"down": {"uv": [10.75, 2.25, 9.25, 0], "texture": "#0"}
			}
		},
		{
			"from": [5, 6, 3],
			"to": [11, 8, 4],
			"rotation": {"angle": 0, "axis": "y", "origin": [10, 0, 4]},
			"faces": {
				"north": {"uv": [0.25, 9.25, 1.75, 9.75], "texture": "#0"},
				"east": {"uv": [0, 9.25, 0.25, 9.75], "texture": "#0"},
				"south": {"uv": [2, 9.25, 3.5, 9.75], "texture": "#0"},
				"west": {"uv": [1.75, 9.25, 2, 9.75], "texture": "#0"},
				"up": {"uv": [1.75, 9.25, 0.25, 9], "texture": "#0"},
				"down": {"uv": [3.25, 9, 1.75, 9.25], "texture": "#0"}
			}
		},
		{
			"from": [6, -3, 0],
			"to": [10, 6, 4],
			"rotation": {"angle": 0, "axis": "y", "origin": [10, 0, -3]},
			"faces": {
				"north": {"uv": [1, 5, 2, 7.25], "texture": "#0"},
				"east": {"uv": [0, 5, 1, 7.25], "texture": "#0"},
				"south": {"uv": [3, 5, 4, 7.25], "texture": "#0"},
				"west": {"uv": [2, 5, 3, 7.25], "texture": "#0"},
				"up": {"uv": [2, 5, 1, 4], "texture": "#0"},
				"down": {"uv": [3, 4, 2, 5], "texture": "#0"}
			}
		},
		{
			"from": [10, 6, 4],
			"to": [6, -3, 0],
			"rotation": {"angle": 0, "axis": "y", "origin": [14, 9, 1]},
			"faces": {
				"north": {"uv": [3, 7.25, 4, 5], "texture": "#0"},
				"east": {"uv": [2, 7.25, 3, 5], "texture": "#0"},
				"south": {"uv": [1, 7.25, 2, 5], "texture": "#0"},
				"west": {"uv": [0, 7.25, 1, 5], "texture": "#0"},
				"up": {"uv": [3, 4, 2, 5], "texture": "#0"},
				"down": {"uv": [2, 5, 1, 4], "texture": "#0"}
			}
		},
		{
			"from": [6.5, -1, 2],
			"to": [9.5, 2, 6],
			"rotation": {"angle": 0, "axis": "y", "origin": [9.5, 0, -1]},
			"faces": {
				"north": {"uv": [1, 8.25, 1.75, 9], "texture": "#0"},
				"east": {"uv": [0, 8.25, 1, 9], "texture": "#0"},
				"south": {"uv": [2.75, 8.25, 3.5, 9], "texture": "#0"},
				"west": {"uv": [1.75, 8.25, 2.75, 9], "texture": "#0"},
				"up": {"uv": [1.75, 8.25, 1, 7.25], "texture": "#0"},
				"down": {"uv": [2.5, 7.25, 1.75, 8.25], "texture": "#0"}
			}
		}
	],
	"display": {
		"thirdperson_righthand": {
			"scale": [0, 0, 0]
		},
		"thirdperson_lefthand": {
			"scale": [0, 0, 0]
		},
		"firstperson_righthand": {
			"scale": [0, 0, 0]
		},
		"firstperson_lefthand": {
			"scale": [0, 0, 0]
		},
		"ground": {
			"scale": [0, 0, 0]
		},
		"gui": {
			"scale": [0, 0, 0]
		},
		"head": {
			"translation": [0, 6.4, 0],
			"scale": [1.6, 1.6, 1.6]
		}
	},
	"groups": [
		{
			"name": "Head10",
			"origin": [-100, 24, 0],
			"color": 0,
			"children": [0, 1, 2, 3, 4, 5, 6]
		}
	]
}