{
	"format_version": "1.21.11",
	"texture_size": [64, 64],
	"textures": {
		"0": "ww:item/skin/pigeon/head",
		"particle": "ww:item/skin/pigeon/head"
	},
	"elements": [
		{
			"from": [4.5, 0, 4],
			"to": [11.5, 8, 12],
			"rotation": {"angle": 0, "axis": "y", "origin": [8, 0, 8]},
			"faces": {
				"north": {"uv": [2, 2, 3.75, 4], "texture": "#0"},
				"east": {"uv": [0, 2, 2, 4], "texture": "#0"},
				"south": {"uv": [5.75, 2, 7.5, 4], "texture": "#0"},
				"west": {"uv": [3.75, 2, 5.75, 4], "texture": "#0"},
				"up": {"uv": [3.75, 2, 2, 0], "texture": "#0"},
				"down": {"uv": [5.5, 0, 3.75, 2], "texture": "#0"}
			}
		},
		{
			"from": [4, -0.5, 3.5],
			"to": [12, 8.5, 12.5],
			"rotation": {"angle": 0, "axis": "y", "origin": [8, 0, 8]},
			"faces": {
				"north": {"uv": [9.5, 2, 11.25, 4], "texture": "#0"},
				"east": {"uv": [7.5, 2, 9.5, 4], "texture": "#0"},
				"south": {"uv": [13.25, 2, 15, 4], "texture": "#0"},
				"west": {"uv": [11.25, 2, 13.25, 4], "texture": "#0"},
				"up": {"uv": [11.25, 2, 9.5, 0], "texture": "#0"},
				"down": {"uv": [13, 0, 11.25, 2], "texture": "#0"}
			}
		},
		{
			"from": [12, 8.5, 12.5],
			"to": [4, -0.5, 3.5],
			"rotation": {"angle": 0, "axis": "y", "origin": [15, 8, 16]},
			"faces": {
				"north": {"uv": [13.25, 4, 15, 2], "texture": "#0"},
				"east": {"uv": [11.25, 4, 13.25, 2], "texture": "#0"},
				"south": {"uv": [9.5, 4, 11.25, 2], "texture": "#0"},
				"west": {"uv": [7.5, 4, 9.5, 2], "texture": "#0"},
				"up": {"uv": [13, 0, 11.25, 2], "texture": "#0"},
				"down": {"uv": [11.25, 2, 9.5, 0], "texture": "#0"}
			}
		},
		{
			"from": [6.5, 2, 0],
			"to": [9.5, 4, 4],
			"rotation": {"angle": 0, "axis": "y", "origin": [8, 0, 8]},
			"faces": {
				"north": {"uv": [1, 5, 1.75, 5.5], "texture": "#0"},
				"east": {"uv": [0, 5, 1, 5.5], "texture": "#0"},
				"south": {"uv": [2.75, 5, 3.5, 5.5], "texture": "#0"},
				"west": {"uv": [1.75, 5, 2.75, 5.5], "texture": "#0"},
				"up": {"uv": [1.75, 5, 1, 4], "texture": "#0"},
				"down": {"uv": [2.5, 4, 1.75, 5], "texture": "#0"}
			}
		},
		{
			"from": [6.5, 4, 2],
			"to": [9.5, 5, 4],
			"rotation": {"angle": 0, "axis": "y", "origin": [8, 0, 8]},
			"faces": {
				"north": {"uv": [4, 4.5, 4.75, 4.75], "texture": "#0"},
				"east": {"uv": [3.5, 4.5, 4, 4.75], "texture": "#0"},
				"south": {"uv": [5.25, 4.5, 6, 4.75], "texture": "#0"},
				"west": {"uv": [4.75, 4.5, 5.25, 4.75], "texture": "#0"},
				"up": {"uv": [4.75, 4.5, 4, 4], "texture": "#0"},
				"down": {"uv": [5.5, 4, 4.75, 4.5], "texture": "#0"}
			}
		}
	],
	"display": {
		"thirdperson_righthand": {
			"scale": [0, 0, 0]
		},
		"thirdperson_lefthand": {
			"scale": [0, 0, 0]
		},
		"firstperson_righthand": {
			"scale": [0, 0, 0]
		},
		"firstperson_lefthand": {
			"scale": [0, 0, 0]
		},
		"ground": {
			"scale": [0, 0, 0]
		},
		"gui": {
			"scale": [0, 0, 0]
		},
		"head": {
			"translation": [0, 6.4, 0],
			"scale": [1.6, 1.6, 1.6]
		}
	},
	"groups": [
		{
			"name": "Head2",
			"origin": [-20, 24, 0],
			"color": 0,
			"children": []
		},
		{
			"name": "Head4",
			"origin": [-40, 24, 0],
			"color": 0,
			"children": [0, 1, 2, 3, 4]
		}
	]
}
