{
	"format_version": "1.21.11",
	"texture_size": [64, 64],
	"textures": {
		"0": "ww:item/skin/wolf/head",
		"particle": "ww:item/skin/wolf/head"
	},
	"elements": [
		{
			"from": [4, 0, 5],
			"to": [12, 5, 11],
			"rotation": {"angle": 0, "axis": "y", "origin": [8, 0, 8]},
			"faces": {
				"north": {"uv": [1.5, 1.5, 3.5, 2.75], "texture": "#0"},
				"east": {"uv": [0, 1.5, 1.5, 2.75], "texture": "#0"},
				"south": {"uv": [5, 1.5, 7, 2.75], "texture": "#0"},
				"west": {"uv": [3.5, 1.5, 5, 2.75], "texture": "#0"},
				"up": {"uv": [3.5, 1.5, 1.5, 0], "texture": "#0"},
				"down": {"uv": [5.5, 0, 3.5, 1.5], "texture": "#0"}
			}
		},
		{
			"from": [3.5, -0.5, 4.5],
			"to": [12.5, 5.5, 11.5],
			"rotation": {"angle": 0, "axis": "y", "origin": [8, 0, 8]},
			"faces": {
				"north": {"uv": [8.5, 1.5, 10.5, 2.75], "texture": "#0"},
				"east": {"uv": [7, 1.5, 8.5, 2.75], "texture": "#0"},
				"south": {"uv": [12, 1.5, 14, 2.75], "texture": "#0"},
				"west": {"uv": [10.5, 1.5, 12, 2.75], "texture": "#0"},
				"up": {"uv": [10.5, 1.5, 8.5, 0], "texture": "#0"},
				"down": {"uv": [12.5, 0, 10.5, 1.5], "texture": "#0"}
			}
		},
		{
			"from": [3, 4, 6],
			"to": [13, 9, 6],
			"rotation": {"angle": 0, "axis": "y", "origin": [8, 6, 9]},
			"faces": {
				"north": {"uv": [5.5, 2.75, 8, 4], "texture": "#0"},
				"east": {"uv": [5.5, 2.75, 5.5, 4], "texture": "#0"},
				"south": {"uv": [8, 2.75, 10.5, 4], "texture": "#0"},
				"west": {"uv": [8, 2.75, 8, 4], "texture": "#0"},
				"up": {"uv": [8, 2.75, 5.5, 2.75], "texture": "#0"},
				"down": {"uv": [10.5, 2.75, 8, 2.75], "texture": "#0"}
			}
		},
		{
			"from": [12, 0, 5],
			"to": [14, 2, 5],
			"rotation": {"angle": 0, "axis": "y", "origin": [8, 0, 8]},
			"faces": {
				"north": {"uv": [3.5, 2.75, 4, 3.25], "texture": "#0"},
				"east": {"uv": [3.5, 2.75, 3.5, 3.25], "texture": "#0"},
				"south": {"uv": [4, 2.75, 4.5, 3.25], "texture": "#0"},
				"west": {"uv": [4, 2.75, 4, 3.25], "texture": "#0"},
				"up": {"uv": [4, 2.75, 3.5, 2.75], "texture": "#0"},
				"down": {"uv": [4.5, 2.75, 4, 2.75], "texture": "#0"}
			}
		},
		{
			"from": [2, 0, 5],
			"to": [4, 2, 5],
			"rotation": {"angle": 0, "axis": "y", "origin": [-2, 0, 8]},
			"faces": {
				"north": {"uv": [4.5, 2.75, 5, 3.25], "texture": "#0"},
				"east": {"uv": [4.5, 2.75, 4.5, 3.25], "texture": "#0"},
				"south": {"uv": [5, 2.75, 5.5, 3.25], "texture": "#0"},
				"west": {"uv": [5, 2.75, 5, 3.25], "texture": "#0"},
				"up": {"uv": [5, 2.75, 4.5, 2.75], "texture": "#0"},
				"down": {"uv": [5.5, 2.75, 5, 2.75], "texture": "#0"}
			}
		},
		{
			"from": [6, 0, 2],
			"to": [10, 2, 5],
			"rotation": {"angle": 0, "axis": "y", "origin": [8, 0, 1]},
			"faces": {
				"north": {"uv": [0.75, 3.5, 1.75, 4], "texture": "#0"},
				"east": {"uv": [0, 3.5, 0.75, 4], "texture": "#0"},
				"south": {"uv": [2.5, 3.5, 3.5, 4], "texture": "#0"},
				"west": {"uv": [1.75, 3.5, 2.5, 4], "texture": "#0"},
				"up": {"uv": [1.75, 3.5, 0.75, 2.75], "texture": "#0"},
				"down": {"uv": [2.75, 2.75, 1.75, 3.5], "texture": "#0"}
			}
		},
		{
			"from": [7, 1, 1],
			"to": [9, 3, 3],
			"rotation": {"angle": 0, "axis": "y", "origin": [8, 0, -1]},
			"faces": {
				"north": {"uv": [0.5, 4.5, 1, 5], "texture": "#0"},
				"east": {"uv": [0, 4.5, 0.5, 5], "texture": "#0"},
				"south": {"uv": [1.5, 4.5, 2, 5], "texture": "#0"},
				"west": {"uv": [1, 4.5, 1.5, 5], "texture": "#0"},
				"up": {"uv": [1, 4.5, 0.5, 4], "texture": "#0"},
				"down": {"uv": [1.5, 4, 1, 4.5], "texture": "#0"}
			}
		},
		{
			"from": [0, -3.75, 4],
			"to": [11, 7.25, 12],
			"rotation": {"angle": -45, "axis": "z", "origin": [8, -0.75, 8]},
			"faces": {
				"north": {"uv": [2, 7, 4.75, 9.75], "texture": "#0"},
				"east": {"uv": [0, 7, 2, 9.75], "texture": "#0"},
				"south": {"uv": [6.75, 7, 9.5, 9.75], "texture": "#0"},
				"west": {"uv": [4.75, 7, 6.75, 9.75], "texture": "#0"},
				"up": {"uv": [4.75, 7, 2, 5], "texture": "#0"},
				"down": {"uv": [7.5, 5, 4.75, 7], "texture": "#0"}
			}
		},
		{
			"from": [15.97056, -4.75, 12],
			"to": [4.97056, -15.75, 4],
			"rotation": {"angle": -45, "axis": "z", "origin": [24.97056, -0.75, 16]},
			"faces": {
				"north": {"uv": [6.75, 11.75, 9.5, 14.5], "rotation": 270, "texture": "#0"},
				"east": {"uv": [4.75, 14.5, 6.5, 11.75], "texture": "#0"},
				"south": {"uv": [2, 11.75, 4.75, 14.5], "rotation": 90, "texture": "#0"},
				"west": {"uv": [0, 14.75, 2, 11.75], "texture": "#0"},
				"up": {"uv": [4.75, 11.75, 7.5, 9.75], "texture": "#0"},
				"down": {"uv": [4.75, 9.75, 2, 11.75], "texture": "#0"}
			}
		},
		{
			"from": [3.75736, -0.75, 4],
			"to": [12.24264, -0.043, 12],
			"rotation": {"angle": 0, "axis": "y", "origin": [11.24264, -0.75, 5]},
			"faces": {
				"north": {"uv": [10, 7, 13, 7.25], "texture": "#0"},
				"south": {"uv": [10, 7.25, 13, 7.5], "texture": "#0"},
				"down": {"uv": [13, 5, 10, 7], "texture": "#0"}
			}
		},
		{
			"from": [12.24266, -0.043, 12],
			"to": [3.75736, -0.75, 4],
			"rotation": {"angle": 0, "axis": "y", "origin": [19.72794, -0.043, 13]},
			"faces": {
				"north": {"uv": [10, 9.75, 13, 10], "texture": "#0"},
				"south": {"uv": [10, 9.5, 13, 9.75], "texture": "#0"},
				"up": {"uv": [13, 7.5, 10, 9.5], "texture": "#0"}
			}
		}
	],
	"display": {
		"thirdperson_righthand": {
			"scale": [0, 0, 0]
		},
		"thirdperson_lefthand": {
			"scale": [0, 0, 0]
		},
		"firstperson_righthand": {
			"scale": [0, 0, 0]
		},
		"firstperson_lefthand": {
			"scale": [0, 0, 0]
		},
		"ground": {
			"scale": [0, 0, 0]
		},
		"gui": {
			"scale": [0, 0, 0]
		},
		"head": {
			"translation": [0, 6.4, 0],
			"scale": [1.6, 1.6, 1.6]
		}
	},
	"groups": [
		{
			"name": "Head3",
			"origin": [20, 24, 0],
			"color": 0,
			"children": [0, 1, 2, 3, 4, 5, 6, 7, 8, 9, 10]
		}
	]
}
