{
  "format_version": "1.21.11",
  "texture_size": [
    64,
    64
  ],
  "textures": {
    "0": "ww:item/skin/bee/head_dead",
    "particle": "ww:item/skin/bee/head_dead"
  },
  "elements": [
    {
      "from": [
        3.5,
        0,
        4.5
      ],
      "to": [
        12.5,
        7,
        11.5
      ],
      "rotation": {
        "angle": 0,
        "axis": "y",
        "origin": [
          7.5,
          0,
          7.5
        ]
      },
      "faces": {
        "north": {
          "uv": [
            1.75,
            1.75,
            4,
            3.5
          ],
          "texture": "#0"
        },
        "east": {
          "uv": [
            0,
            1.75,
            1.75,
            3.5
          ],
          "texture": "#0"
        },
        "south": {
          "uv": [
            5.75,
            1.75,
            8,
            3.5
          ],
          "texture": "#0"
        },
        "west": {
          "uv": [
            4,
            1.75,
            5.75,
            3.5
          ],
          "texture": "#0"
        },
        "up": {
          "uv": [
            4,
            1.75,
            1.75,
            0
          ],
          "texture": "#0"
        },
        "down": {
          "uv": [
            6.25,
            0,
            4,
            1.75
          ],
          "texture": "#0"
        }
      }
    },
    {
      "from": [
        0.5,
        6.5,
        0.5
      ],
      "to": [
        15.5,
        6.5,
        15.5
      ],
      "rotation": {
        "angle": 0,
        "axis": "y",
        "origin": [
          6.5,
          -0.5,
          7.5
        ]
      },
      "faces": {
        "north": {
          "uv": [
            8,
            3.75,
            11.75,
            3.75
          ],
          "texture": "#0"
        },
        "east": {
          "uv": [
            4.25,
            3.75,
            8,
            3.75
          ],
          "texture": "#0"
        },
        "south": {
          "uv": [
            15.5,
            3.75,
            19.25,
            3.75
          ],
          "texture": "#0"
        },
        "west": {
          "uv": [
            11.75,
            3.75,
            15.5,
            3.75
          ],
          "texture": "#0"
        },
        "up": {
          "uv": [
            11.75,
            3.75,
            8,
            0
          ],
          "texture": "#0"
        },
        "down": {
          "uv": [
            15.5,
            0,
            11.75,
            3.75
          ],
          "texture": "#0"
        }
      }
    },
    {
      "from": [
        14,
        6.5,
        14
      ],
      "to": [
        2,
        -1.5,
        2
      ],
      "rotation": {
        "angle": 0,
        "axis": "y",
        "origin": [
          21,
          -7.5,
          22
        ]
      },
      "faces": {
        "north": {
          "uv": [
            12,
            8.75,
            9,
            6.75
          ],
          "texture": "#0"
        },
        "east": {
          "uv": [
            9,
            8.75,
            6,
            6.75
          ],
          "texture": "#0"
        },
        "south": {
          "uv": [
            6,
            8.75,
            3,
            6.75
          ],
          "texture": "#0"
        },
        "west": {
          "uv": [
            3,
            8.75,
            0,
            6.75
          ],
          "texture": "#0"
        }
      }
    },
    {
      "from": [
        3.475,
        6.5,
        3.5
      ],
      "to": [
        12.525,
        9.5,
        12.5
      ],
      "rotation": {
        "angle": 0,
        "axis": "y",
        "origin": [
          7.5,
          2.5,
          6.5
        ]
      },
      "faces": {
        "north": {
          "uv": [
            5.25,
            6,
            7.5,
            6.75
          ],
          "texture": "#0"
        },
        "east": {
          "uv": [
            3,
            6,
            5.25,
            6.75
          ],
          "texture": "#0"
        },
        "south": {
          "uv": [
            9.75,
            6,
            12,
            6.75
          ],
          "texture": "#0"
        },
        "west": {
          "uv": [
            7.5,
            6,
            9.75,
            6.75
          ],
          "texture": "#0"
        },
        "up": {
          "uv": [
            7.5,
            6,
            5.25,
            3.75
          ],
          "texture": "#0"
        }
      }
    },
    {
      "from": [
        4.5,
        1,
        1.5
      ],
      "to": [
        11.5,
        1,
        4.5
      ],
      "rotation": {
        "angle": -15,
        "axis": "x",
        "origin": [
          7.5,
          1,
          4.5
        ]
      },
      "faces": {
        "up": {
          "uv": [
            1.75,
            6.25,
            0,
            5.5
          ],
          "texture": "#0"
        },
        "down": {
          "uv": [
            1.75,
            5.5,
            0,
            6.25
          ],
          "texture": "#0"
        }
      }
    },
    {
      "from": [
        0.5,
        5,
        -2.5
      ],
      "to": [
        15.5,
        5,
        4.5
      ],
      "rotation": {
        "angle": 12.5,
        "axis": "x",
        "origin": [
          7.5,
          5,
          4.5
        ]
      },
      "faces": {
        "up": {
          "uv": [
            3.75,
            8.75,
            0,
            10.5
          ],
          "texture": "#0"
        },
        "down": {
          "uv": [
            3.75,
            10.5,
            0,
            8.75
          ],
          "texture": "#0"
        }
      }
    },
    {
      "from": [
        10.5,
        1,
        3.5
      ],
      "to": [
        13.5,
        6,
        6.5
      ],
      "rotation": {
        "angle": 0,
        "axis": "y",
        "origin": [
          8.5,
          0,
          2.5
        ]
      },
      "faces": {
        "north": {
          "uv": [
            0.75,
            4.25,
            1.5,
            5.5
          ],
          "texture": "#0"
        },
        "east": {
          "uv": [
            0,
            4.25,
            0.75,
            5.5
          ],
          "texture": "#0"
        },
        "south": {
          "uv": [
            2.25,
            4.25,
            3,
            5.5
          ],
          "texture": "#0"
        },
        "west": {
          "uv": [
            1.5,
            4.25,
            2.25,
            5.5
          ],
          "texture": "#0"
        },
        "up": {
          "uv": [
            1.5,
            4.25,
            0.75,
            3.5
          ],
          "texture": "#0"
        },
        "down": {
          "uv": [
            2.25,
            3.5,
            1.5,
            4.25
          ],
          "texture": "#0"
        }
      }
    },
    {
      "from": [
        2.5,
        1,
        3.5
      ],
      "to": [
        5.5,
        6,
        6.5
      ],
      "rotation": {
        "angle": 0,
        "axis": "y",
        "origin": [
          0.5,
          0,
          2.5
        ]
      },
      "faces": {
        "north": {
          "uv": [
            0.75,
            4.25,
            1.5,
            5.5
          ],
          "texture": "#0"
        },
        "east": {
          "uv": [
            0,
            4.25,
            0.75,
            5.5
          ],
          "texture": "#0"
        },
        "south": {
          "uv": [
            2.25,
            4.25,
            3,
            5.5
          ],
          "texture": "#0"
        },
        "west": {
          "uv": [
            1.5,
            4.25,
            2.25,
            5.5
          ],
          "texture": "#0"
        },
        "up": {
          "uv": [
            1.5,
            4.25,
            0.75,
            3.5
          ],
          "texture": "#0"
        },
        "down": {
          "uv": [
            2.25,
            3.5,
            1.5,
            4.25
          ],
          "texture": "#0"
        }
      }
    },
    {
      "from": [
        2,
        -1.5,
        2
      ],
      "to": [
        14,
        -0.5,
        14
      ],
      "rotation": {
        "angle": 0,
        "axis": "y",
        "origin": [
          3,
          -1.5,
          14
        ]
      },
      "faces": {
        "north": {
          "uv": [
            3,
            8.5,
            6,
            8.75
          ],
          "texture": "#0"
        },
        "east": {
          "uv": [
            0,
            8.5,
            3,
            8.75
          ],
          "texture": "#0"
        },
        "south": {
          "uv": [
            9,
            8.5,
            12,
            8.75
          ],
          "texture": "#0"
        },
        "west": {
          "uv": [
            6,
            8.5,
            9,
            8.75
          ],
          "texture": "#0"
        }
      }
    }
  ],
  "display": {
    "thirdperson_righthand": {
      "scale": [
        0,
        0,
        0
      ]
    },
    "thirdperson_lefthand": {
      "scale": [
        0,
        0,
        0
      ]
    },
    "firstperson_righthand": {
      "scale": [
        0,
        0,
        0
      ]
    },
    "firstperson_lefthand": {
      "scale": [
        0,
        0,
        0
      ]
    },
    "ground": {
      "scale": [
        0,
        0,
        0
      ]
    },
    "gui": {
      "scale": [
        0,
        0,
        0
      ]
    },
    "head": {
      "translation": [
        0,
        6.4,
        0
      ],
      "scale": [
        1.6,
        1.6,
        1.6
      ]
    }
  },
  "groups": [
    {
      "name": "Head8",
      "origin": [
        80,
        24,
        0
      ],
      "color": 0,
      "children": [
        0,
        1,
        2,
        3,
        4,
        5,
        6,
        7,
        8
      ]
    }
  ]
}
