{
	"textures": {
		"0": "#0",
		"1": "#1",
		"particle": "#0"
	},
	"elements": [
		{
			"from": [-8, 8, 8.025],
			"to": [8, 24, 8.025],
			"rotation": {"angle": 0, "axis": "y", "origin": [-8, 8, 0.025]},
			"faces": {
				"north": {"uv": [0, 0, 16, 16], "texture": "#0"},
				"south": {"uv": [16, 0, 0, 16], "texture": "#0"}
			}
		},
		{
			"from": [-8, 8, 16.025],
			"to": [8, 24, 16.025],
			"rotation": {"angle": 0, "axis": "y", "origin": [-8, 8, 8.025]},
			"faces": {
				"north": {"uv": [0, 0, 16, 16], "texture": "#1"},
				"south": {"uv": [16, 0, 0, 16], "texture": "#1"}
			}
		}
	]
}