{
    "providers": [
        {
            "type": "space",
            "advances": {
                "0": -11,
                "1": -11,
                "2": -11,
                "3": -11,
                "4": -11,
                "5": -11,
                "6": -11,
                "7": -11,
                "8": -11,
                "9": -11,
                "\u0000": -17,
                "\u0001": -17,
                "\u0002": -17,
                "\u0003": -17,
                "\u0004": -17,
                "\u0005": -17,
                "\u0006": -17,
                "\u0007": -17,
                "\b": -17,
                "\t": -17,
                "\n": -17,
                "\u000b": -17,
                "\f": -17,
                "\r": -17,
                "\u000e": -17,
                "\u000f": -17,
                "\u0010": -17,
                "\u0011": -17,
                "\u0012": -17,
                "\u0013": -17,
                "\u0014": -17,
                "\u0015": -17,
                "\u0016": -17,
                "\u0017": -17,
                "\u0018": -17,
                "\u0019": -17,
                "\u001a": -17,
                "\u001b": -17,
                "\u001c": -17,
                "\u001d": -17,
                "\u001e": -17,
                "\u001f": -17,
                " ": -7,
                "!": -3,
                "\"": -7,
                "#": -11,
                "$": -11,
                "%": -11,
                "&": -11,
                "'": -3,
                "(": -7,
                ")": -7,
                "*": -7,
                "+": -11,
                ",": -3,
                "-": -11,
                ".": -3,
                "/": -11,
                ":": -3,
                ";": -3,
                "<": -9,
                "=": -11,
                ">": -9,
                "?": -11,
                "@": -13,
                "A": -11,
                "B": -11,
                "C": -11,
                "D": -11,
                "E": -11,
                "F": -11,
                "G": -11,
                "H": -11,
                "I": -7,
                "J": -11,
                "K": -11,
                "L": -11,
                "M": -11,
                "N": -11,
                "O": -11,
                "P": -11,
                "Q": -11,
                "R": -11,
                "S": -11,
                "T": -11,
                "U": -11,
                "V": -11,
                "W": -11,
                "X": -11,
                "Y": -11,
                "Z": -11,
                "[": -7,
                "\\": -11,
                "]": -7,
                "^": -11,
                "_": -11,
                "`": -5,
                "a": -11,
                "b": -11,
                "c": -11,
                "d": -11,
                "e": -11,
                "f": -9,
                "g": -11,
                "h": -11,
                "i": -3,
                "j": -11,
                "k": -9,
                "l": -5,
                "m": -11,
                "n": -11,
                "o": -11,
                "p": -11,
                "q": -11,
                "r": -11,
                "s": -11,
                "t": -7,
                "u": -11,
                "v": -11,
                "w": -11,
                "x": -11,
                "y": -11,
                "z": -11,
                "{": -7,
                "|": -3,
                "}": -7,
                "~": -13,
                "\u007f": -17,
                "\u0080": -17,
                "\u0081": -17,
                "\u0082": -17,
                "\u0083": -17,
                "\u0084": -17,
                "\u0085": -17,
                "\u0086": -17,
                "\u0087": -17,
                "\u0088": -17,
                "\u0089": -17,
                "\u008a": -17,
                "\u008b": -17,
                "\u008c": -17,
                "\u008d": -17,
                "\u008e": -17,
                "\u008f": -17,
                "\u0090": -17,
                "\u0091": -17,
                "\u0092": -17,
                "\u0093": -17,
                "\u0094": -17,
                "\u0095": -17,
                "\u0096": -17,
                "\u0097": -17,
                "\u0098": -17,
                "\u0099": -17,
                "\u009a": -17,
                "\u009b": -17,
                "\u009c": -17,
                "\u009d": -17,
                "\u009e": -17,
                "\u009f": -17,
                "\u00a0": -17,
                "\u00a1": -3,
                "\u00a2": -11,
                "\u00a3": -11,
                "\u00a4": -15,
                "\u00a5": -11,
                "\u00a6": -3,
                "\u00a7": -11,
                "\u00a8": -7,
                "\u00a9": -15,
                "\u00aa": -9,
                "\u00ab": -13,
                "\u00ac": -11,
                "\u00ad": -7,
                "\u00ae": -15,
                "\u00af": -11,
                "\u00b0": -9,
                "\u00b1": -11,
                "\u00b2": -9,
                "\u00b3": -9,
                "\u00b4": -5,
                "\u00b5": -11,
                "\u00b6": -13,
                "\u00b7": -3,
                "\u00b8": -3,
                "\u00b9": -7,
                "\u00ba": -9,
                "\u00bb": -13,
                "\u00bc": -15,
                "\u00bd": -15,
                "\u00be": -15,
                "\u00bf": -11,
                "\u00c0": -11,
                "\u00c1": -11,
                "\u00c2": -11,
                "\u00c3": -11,
                "\u00c4": -11,
                "\u00c5": -11,
                "\u00c6": -19,
                "\u00c7": -11,
                "\u00c8": -11,
                "\u00c9": -11,
                "\u00ca": -11,
                "\u00cb": -11,
                "\u00cc": -7,
                "\u00cd": -7,
                "\u00ce": -7,
                "\u00cf": -7,
                "\u00d0": -13,
                "\u00d1": -11,
                "\u00d2": -11,
                "\u00d3": -11,
                "\u00d4": -11,
                "\u00d5": -11,
                "\u00d6": -11,
                "\u00d7": -11,
                "\u00d8": -11,
                "\u00d9": -11,
                "\u00da": -11,
                "\u00db": -11,
                "\u00dc": -11,
                "\u00dd": -11,
                "\u00de": -11,
                "\u00df": -11,
                "\u00e0": -11,
                "\u00e1": -11,
                "\u00e2": -11,
                "\u00e3": -11,
                "\u00e4": -11,
                "\u00e5": -11,
                "\u00e6": -19,
                "\u00e7": -11,
                "\u00e8": -11,
                "\u00e9": -11,
                "\u00ea": -11,
                "\u00eb": -11,
                "\u00ec": -5,
                "\u00ed": -5,
                "\u00ee": -7,
                "\u00ef": -7,
                "\u00f0": -11,
                "\u00f1": -11,
                "\u00f2": -11,
                "\u00f3": -11,
                "\u00f4": -11,
                "\u00f5": -11,
                "\u00f6": -11,
                "\u00f7": -11,
                "\u00f8": -11,
                "\u00f9": -11,
                "\u00fa": -11,
                "\u00fb": -11,
                "\u00fc": -11,
                "\u00fd": -11,
                "\u00fe": -11,
                "\u00ff": -11,
                "\u0192": -11,
                "\u2591": -15,
                "\u2592": -17,
                "\u2593": -17,
                "\u2502": -11,
                "\u2524": -11,
                "\u2561": -11,
                "\u2562": -15,
                "\u2556": -15,
                "\u2555": -11,
                "\u2563": -15,
                "\u2551": -15,
                "\u2557": -15,
                "\u255d": -15,
                "\u255c": -15,
                "\u255b": -11,
                "\u2510": -11,
                "\u2514": -17,
                "\u2534": -17,
                "\u252c": -17,
                "\u251c": -17,
                "\u2500": -17,
                "\u253c": -17,
                "\u255e": -17,
                "\u255f": -17,
                "\u255a": -17,
                "\u2554": -17,
                "\u2569": -17,
                "\u2566": -17,
                "\u2560": -17,
                "\u2550": -17,
                "\u256c": -17,
                "\u2567": -17,
                "\u2568": -17,
                "\u2564": -17,
                "\u2565": -17,
                "\u2559": -17,
                "\u2558": -17,
                "\u2552": -17,
                "\u2553": -17,
                "\u256b": -17,
                "\u256a": -17,
                "\u2518": -11,
                "\u250c": -17,
                "\u2588": -17,
                "\u2584": -17,
                "\u258c": -9,
                "\u2590": -17,
                "\u2580": -17,
                "\u2205": -15,
                "\u2208": -11,
                "\u2261": -13,
                "\u2265": -11,
                "\u2264": -11,
                "\u2320": -15,
                "\u2321": -9,
                "\u2248": -13,
                "\u2219": -11,
                "\u221a": -13,
                "\u207f": -9,
                "\u25a0": -11,
                "\u0100": -11,
                "\u0101": -11,
                "\u0102": -11,
                "\u0103": -11,
                "\u0104": -11,
                "\u0105": -11,
                "\u0106": -11,
                "\u0107": -11,
                "\u0108": -11,
                "\u0109": -11,
                "\u010a": -11,
                "\u010b": -11,
                "\u010c": -11,
                "\u010d": -11,
                "\u010e": -11,
                "\u010f": -15,
                "\u0110": -13,
                "\u0111": -13,
                "\u0112": -11,
                "\u0113": -11,
                "\u0114": -11,
                "\u0115": -11,
                "\u0116": -11,
                "\u0117": -11,
                "\u0118": -11,
                "\u0119": -11,
                "\u011a": -11,
                "\u011b": -11,
                "\u011c": -11,
                "\u011d": -11,
                "\u1e20": -11,
                "\u1e21": -11,
                "\u011e": -11,
                "\u011f": -11,
                "\u0120": -11,
                "\u0121": -11,
                "\u0122": -11,
                "\u0123": -11,
                "\u0124": -11,
                "\u0125": -11,
                "\u0126": -15,
                "\u0127": -13,
                "\u0128": -9,
                "\u0129": -9,
                "\u012a": -7,
                "\u012b": -7,
                "\u012c": -9,
                "\u012d": -9,
                "\u012e": -7,
                "\u012f": -5,
                "\u0130": -7,
                "\u0131": -3,
                "\u0134": -11,
                "\u0135": -11,
                "\u0136": -11,
                "\u0137": -9,
                "\u0139": -11,
                "\u013a": -5,
                "\u013b": -11,
                "\u013c": -5,
                "\u013d": -11,
                "\u013e": -7,
                "\u013f": -11,
                "\u0140": -7,
                "\u0141": -13,
                "\u0142": -9,
                "\u0143": -11,
                "\u0144": -11,
                "\u0145": -11,
                "\u0146": -11,
                "\u0147": -11,
                "\u0148": -11,
                "\u014a": -11,
                "\u014b": -11,
                "\u014c": -11,
                "\u014d": -11,
                "\u014e": -11,
                "\u014f": -11,
                "\u0150": -11,
                "\u0151": -11,
                "\u0152": -19,
                "\u0153": -19,
                "\u0154": -11,
                "\u0155": -11,
                "\u0156": -11,
                "\u0157": -11,
                "\u0158": -11,
                "\u0159": -11,
                "\u015a": -11,
                "\u015b": -11,
                "\u015c": -11,
                "\u015d": -11,
                "\u015e": -11,
                "\u015f": -11,
                "\u0160": -11,
                "\u0161": -11,
                "\u0162": -11,
                "\u0163": -7,
                "\u0164": -11,
                "\u0165": -9,
                "\u0166": -11,
                "\u0167": -7,
                "\u0168": -11,
                "\u0169": -11,
                "\u016a": -11,
                "\u016b": -11,
                "\u016c": -11,
                "\u016d": -11,
                "\u016e": -11,
                "\u016f": -11,
                "\u0170": -11,
                "\u0171": -11,
                "\u0172": -11,
                "\u0173": -11,
                "\u0174": -11,
                "\u0175": -11,
                "\u0176": -11,
                "\u0177": -11,
                "\u0178": -11,
                "\u0179": -11,
                "\u017a": -11,
                "\u017b": -11,
                "\u017c": -11,
                "\u017d": -11,
                "\u017e": -11,
                "\u01fc": -19,
                "\u01fd": -19,
                "\u01fe": -11,
                "\u01ff": -11,
                "\u0218": -11,
                "\u0219": -11,
                "\u021a": -11,
                "\u021b": -7,
                "\u0386": -15,
                "\u0388": -15,
                "\u0389": -15,
                "\u038a": -11,
                "\u038c": -15,
                "\u038e": -15,
                "\u038f": -15,
                "\u0390": -11,
                "\u03aa": -7,
                "\u03ab": -11,
                "\u03ac": -11,
                "\u03ad": -11,
                "\u03ae": -11,
                "\u03af": -5,
                "\u03b0": -11,
                "\u03ca": -7,
                "\u03cb": -11,
                "\u03cc": -11,
                "\u03cd": -11,
                "\u03ce": -15,
                "\u0400": -11,
                "\u0401": -11,
                "\u0403": -11,
                "\u0407": -7,
                "\u040c": -11,
                "\u040d": -11,
                "\u040e": -11,
                "\u0419": -11,
                "\u0439": -11,
                "\u0450": -11,
                "\u0451": -11,
                "\u0452": -13,
                "\u0453": -9,
                "\u0457": -7,
                "\u045b": -13,
                "\u045c": -9,
                "\u045d": -11,
                "\u045e": -11,
                "\u045f": -11,
                "\u0490": -11,
                "\u0491": -11,
                "\u1e02": -11,
                "\u1e03": -11,
                "\u1e0a": -11,
                "\u1e0b": -11,
                "\u1e1e": -11,
                "\u1e1f": -9,
                "\u1e22": -11,
                "\u1e23": -11,
                "\u1e30": -11,
                "\u1e31": -9,
                "\u1e40": -11,
                "\u1e41": -11,
                "\u1e56": -11,
                "\u1e57": -11,
                "\u1e60": -11,
                "\u1e61": -11,
                "\u1e6a": -11,
                "\u1e6b": -7,
                "\u1e80": -11,
                "\u1e81": -11,
                "\u1e82": -11,
                "\u1e83": -11,
                "\u1e84": -11,
                "\u1e85": -11,
                "\u1ef2": -11,
                "\u1ef3": -11,
                "\u0149": -15,
                "\u01e7": -11,
                "\u01eb": -11,
                "\u040f": -11,
                "\u1e0d": -11,
                "\u1e25": -11,
                "\u1e5b": -11,
                "\u1e6d": -7,
                "\u1e92": -11,
                "\u1eca": -7,
                "\u1ecb": -3,
                "\u1ecc": -11,
                "\u1ecd": -11,
                "\u1ee4": -11,
                "\u1ee5": -11,
                "\u2116": -19,
                "\u0207": -11,
                "\u0194": -11,
                "\u0263": -11,
                "\u0283": -11,
                "\u2047": -19,
                "\u01f1": -19,
                "\u01f2": -19,
                "\u01f3": -19,
                "\u01c4": -19,
                "\u01c5": -19,
                "\u01c6": -19,
                "\u01c7": -19,
                "\u01c8": -19,
                "\u01ca": -19,
                "\u01cb": -19,
                "\u01cc": -19,
                "\u2139": -19,
                "\u1d6b": -19,
                "\ua732": -19,
                "\ua733": -19,
                "\ua734": -19,
                "\ua735": -19,
                "\ua736": -19,
                "\ua737": -19,
                "\ua738": -19,
                "\ua73a": -19,
                "\ua73c": -19,
                "\ua73d": -17,
                "\ua74e": -19,
                "\ua74f": -19,
                "\ua760": -11,
                "\ua761": -11,
                "\ufb04": -19,
                "\ufb06": -19,
                "\u16a1": -9,
                "\u16b5": -9,
                "\u01a0": -15,
                "\u01a1": -15,
                "\u01af": -15,
                "\u01b0": -15,
                "\u1eae": -11,
                "\u1eaf": -11,
                "\u1ea4": -11,
                "\u1ea5": -11,
                "\u1ebe": -11,
                "\u1ebf": -11,
                "\u1ed1": -11,
                "\u1eda": -15,
                "\u1edb": -15,
                "\u1ee8": -15,
                "\u1ee9": -15,
                "\u1eb0": -11,
                "\u1eb1": -11,
                "\u1ea6": -11,
                "\u1ea7": -11,
                "\u1ec0": -11,
                "\u1ec1": -11,
                "\u1ed3": -11,
                "\u1edc": -15,
                "\u1edd": -15,
                "\u1eea": -15,
                "\u1eeb": -15,
                "\u1ea2": -11,
                "\u1ea3": -11,
                "\u1eb2": -11,
                "\u1eb3": -11,
                "\u1ea8": -11,
                "\u1ea9": -11,
                "\u1eba": -11,
                "\u1ebb": -11,
                "\u1ed5": -11,
                "\u1ede": -15,
                "\u1ec2": -11,
                "\u1ec3": -11,
                "\u1ec8": -7,
                "\u1ec9": -7,
                "\u1ece": -11,
                "\u1ecf": -11,
                "\u1ed4": -11,
                "\u1edf": -15,
                "\u1ee6": -11,
                "\u1ee7": -11,
                "\u1eec": -15,
                "\u1eed": -15,
                "\u1ef6": -11,
                "\u1ef7": -11,
                "\u1ea0": -11,
                "\u1ea1": -11,
                "\u1eb6": -11,
                "\u1eb7": -11,
                "\u1eac": -11,
                "\u1ead": -11,
                "\u1eb8": -11,
                "\u1eb9": -11,
                "\u1ec6": -11,
                "\u1ec7": -11,
                "\u1ed8": -11,
                "\u1ed9": -11,
                "\u1ee2": -15,
                "\u1ee3": -15,
                "\u1ef0": -15,
                "\u1ef1": -15,
                "\u1ef4": -11,
                "\u1ef5": -11,
                "\u1ed0": -11,
                "\u0195": -17,
                "\u1eaa": -11,
                "\u1eab": -11,
                "\u1ed6": -11,
                "\u1ed7": -11,
                "\u1eef": -15,
                "\u261e": -19,
                "\u261c": -19,
                "\u262e": -19,
                "\u1eb4": -11,
                "\u1eb5": -11,
                "\u1ebc": -11,
                "\u1ebd": -11,
                "\u1ec4": -11,
                "\u1ec5": -11,
                "\u1ed2": -11,
                "\u1ee0": -15,
                "\u1ee1": -15,
                "\u1eee": -15,
                "\u1ef8": -11,
                "\u1ef9": -11,
                "\u0498": -11,
                "\u0499": -11,
                "\u04a0": -13,
                "\u04a1": -11,
                "\u04aa": -11,
                "\u04ab": -11,
                "\u01f6": -17,
                "\u26a0": -19,
                "\u24ea": -19,
                "\u2460": -19,
                "\u2461": -19,
                "\u2462": -19,
                "\u2463": -19,
                "\u2464": -19,
                "\u2465": -19,
                "\u2466": -19,
                "\u2467": -19,
                "\u2468": -19,
                "\u2469": -19,
                "\u246a": -19,
                "\u246b": -19,
                "\u246c": -19,
                "\u246d": -19,
                "\u246e": -19,
                "\u246f": -19,
                "\u2470": -19,
                "\u2471": -19,
                "\u2472": -19,
                "\u2473": -19,
                "\u24b6": -19,
                "\u24b7": -19,
                "\u24b8": -19,
                "\u24b9": -19,
                "\u24ba": -19,
                "\u24bb": -19,
                "\u24bc": -19,
                "\u24bd": -19,
                "\u24be": -19,
                "\u24bf": -19,
                "\u24c0": -19,
                "\u24c1": -19,
                "\u24c2": -19,
                "\u24c3": -19,
                "\u24c4": -19,
                "\u24c5": -19,
                "\u24c6": -19,
                "\u24c7": -19,
                "\u24c8": -19,
                "\u24c9": -19,
                "\u24ca": -19,
                "\u24cb": -19,
                "\u24cc": -19,
                "\u24cd": -19,
                "\u24ce": -19,
                "\u24cf": -19,
                "\u24d0": -19,
                "\u24d1": -19,
                "\u24d2": -19,
                "\u24d3": -19,
                "\u24d4": -19,
                "\u24d5": -19,
                "\u24d6": -19,
                "\u24d7": -19,
                "\u24d8": -19,
                "\u24d9": -19,
                "\u24da": -19,
                "\u24db": -19,
                "\u24dc": -19,
                "\u24dd": -19,
                "\u24de": -19,
                "\u24df": -19,
                "\u24e0": -19,
                "\u24e1": -19,
                "\u24e2": -19,
                "\u24e3": -19,
                "\u24e4": -19,
                "\u24e5": -19,
                "\u24e6": -19,
                "\u24e7": -19,
                "\u24e8": -19,
                "\u24e9": -19,
                "\u0327": -5,
                "\u0282": -11,
                "\u0290": -13,
                "\u0276": -19,
                "\u01cd": -11,
                "\u01ce": -11,
                "\u01de": -11,
                "\u01df": -11,
                "\u01fa": -11,
                "\u01fb": -11,
                "\u0202": -11,
                "\u0203": -11,
                "\u0226": -11,
                "\u0227": -11,
                "\u01e0": -11,
                "\u01e1": -11,
                "\u1e00": -11,
                "\u1e01": -11,
                "\u0200": -11,
                "\u0201": -11,
                "\u1e06": -11,
                "\u1e07": -11,
                "\u1e04": -11,
                "\u1e05": -11,
                "\u1d6c": -15,
                "\u1e08": -11,
                "\u1e09": -11,
                "\u1e10": -11,
                "\u1e11": -11,
                "\u1e12": -11,
                "\u1e13": -11,
                "\u1e0e": -11,
                "\u1e0f": -11,
                "\u1e0c": -11,
                "\u1d6d": -15,
                "\u1e14": -11,
                "\u1e15": -11,
                "\u1e16": -11,
                "\u1e17": -11,
                "\u1e18": -11,
                "\u1e19": -11,
                "\u1e1c": -11,
                "\u1e1d": -11,
                "\u0228": -11,
                "\u0229": -11,
                "\u1e1a": -11,
                "\u1e1b": -11,
                "\u0204": -11,
                "\u0205": -11,
                "\u0206": -11,
                "\u1d6e": -11,
                "\u01f4": -11,
                "\u01f5": -11,
                "\u01e6": -11,
                "\u1e26": -11,
                "\u1e27": -11,
                "\u1e28": -11,
                "\u1e29": -11,
                "\u1e2a": -11,
                "\u1e2b": -11,
                "\u021e": -11,
                "\u021f": -11,
                "\u1e24": -11,
                "\u1e96": -11,
                "\u1e2e": -7,
                "\u1e2f": -7,
                "\u020a": -9,
                "\u020b": -9,
                "\u01cf": -7,
                "\u01d0": -7,
                "\u0208": -11,
                "\u0209": -11,
                "\u1e2c": -9,
                "\u1e2d": -9,
                "\u01f0": -11,
                "\u0237": -11,
                "\u01e8": -11,
                "\u01e9": -9,
                "\u1e32": -11,
                "\u1e33": -9,
                "\u1e34": -11,
                "\u1e35": -9,
                "\u1e3a": -11,
                "\u1e3b": -7,
                "\u1e3c": -11,
                "\u1e3d": -7,
                "\u1e36": -11,
                "\u1e37": -5,
                "\u1e38": -11,
                "\u1e39": -7,
                "\u2c62": -15,
                "\u1e3e": -11,
                "\u1e3f": -11,
                "\u1e42": -11,
                "\u1e43": -11,
                "\u1d6f": -15,
                "\u1e44": -11,
                "\u1e45": -11,
                "\u1e46": -11,
                "\u1e47": -11,
                "\u1e4a": -11,
                "\u1e4b": -11,
                "\u01f8": -11,
                "\u01f9": -11,
                "\u1e48": -11,
                "\u1e49": -11,
                "\u1d70": -15,
                "\u01ec": -11,
                "\u01ed": -11,
                "\u022c": -11,
                "\u022d": -11,
                "\u1e4c": -11,
                "\u1e4d": -11,
                "\u1e4e": -11,
                "\u1e4f": -11,
                "\u1e50": -11,
                "\u1e51": -11,
                "\u1e52": -11,
                "\u1e53": -11,
                "\u020e": -11,
                "\u020f": -11,
                "\u022a": -11,
                "\u022b": -11,
                "\u01d1": -11,
                "\u01d2": -11,
                "\u022e": -11,
                "\u022f": -11,
                "\u0230": -11,
                "\u0231": -11,
                "\u020c": -11,
                "\u020d": -11,
                "\u01ea": -11,
                "\u1e54": -11,
                "\u1e55": -11,
                "\u1d71": -15,
                "\u0212": -11,
                "\u0213": -11,
                "\u1e58": -11,
                "\u1e59": -11,
                "\u1e5c": -11,
                "\u1e5d": -11,
                "\u1e5e": -11,
                "\u1e5f": -11,
                "\u0210": -11,
                "\u0211": -11,
                "\u1e5a": -11,
                "\u1d73": -15,
                "\u1d72": -15,
                "\u1e64": -11,
                "\u1e65": -11,
                "\u1e66": -11,
                "\u1e67": -11,
                "\u1e62": -11,
                "\u1e63": -11,
                "\u1e68": -11,
                "\u1e69": -11,
                "\u1d74": -15,
                "\u1e70": -11,
                "\u1e71": -7,
                "\u1e6e": -11,
                "\u1e6f": -7,
                "\u1e6c": -11,
                "\u1e97": -7,
                "\u1d75": -11,
                "\u1e72": -11,
                "\u1e73": -11,
                "\u1e76": -11,
                "\u1e77": -11,
                "\u1e78": -11,
                "\u1e79": -11,
                "\u1e7a": -11,
                "\u1e7b": -11,
                "\u01d3": -11,
                "\u01d4": -11,
                "\u01d5": -11,
                "\u01d6": -11,
                "\u01d7": -11,
                "\u01d8": -11,
                "\u01d9": -11,
                "\u01da": -11,
                "\u01db": -11,
                "\u01dc": -11,
                "\u1e74": -11,
                "\u1e75": -11,
                "\u0214": -11,
                "\u0215": -11,
                "\u0216": -11,
                "\u1e7e": -11,
                "\u1e7f": -11,
                "\u1e7c": -11,
                "\u1e7d": -11,
                "\u1e86": -11,
                "\u1e87": -11,
                "\u1e88": -11,
                "\u1e89": -11,
                "\u1e98": -11,
                "\u1e8c": -11,
                "\u1e8d": -11,
                "\u1e8a": -11,
                "\u1e8b": -11,
                "\u0232": -11,
                "\u0233": -11,
                "\u1e8e": -11,
                "\u1e8f": -11,
                "\u1e99": -11,
                "\u1e94": -11,
                "\u1e95": -11,
                "\u1e90": -11,
                "\u1e91": -11,
                "\u1e93": -11,
                "\u1d76": -11,
                "\u01ee": -11,
                "\u01ef": -11,
                "\u1e9b": -7,
                "\ua73e": -11,
                "\ua73f": -11,
                "\u01e2": -19,
                "\u01e3": -19,
                "\u1d7a": -17,
                "\u1efb": -13,
                "\u1d02": -19,
                "\u1d14": -19,
                "\uab63": -19,
                "\u0238": -19,
                "\u02a3": -19,
                "\u02a5": -19,
                "\u02a4": -19,
                "\u02a9": -19,
                "\u02aa": -15,
                "\u02ab": -15,
                "\u0239": -19,
                "\u02a8": -17,
                "\u02a6": -17,
                "\u02a7": -15,
                "\uab50": -11,
                "\uab51": -11,
                "\u20a7": -19,
                "\u1efa": -15,
                "\ufb2e": -11,
                "\ufb2f": -11,
                "\u0180": -13,
                "\u0182": -11,
                "\u0183": -11,
                "\u0187": -13,
                "\u0188": -13,
                "\u018a": -15,
                "\u018b": -11,
                "\u018c": -11,
                "\u0193": -13,
                "\u01e4": -13,
                "\u01e5": -13,
                "\u0197": -7,
                "\u0196": -7,
                "\u0269": -5,
                "\u0198": -11,
                "\u0199": -9,
                "\u019d": -13,
                "\u01a4": -15,
                "\u01a5": -11,
                "\u027d": -11,
                "\u01a6": -11,
                "\u01ac": -13,
                "\u01ad": -7,
                "\u01ab": -7,
                "\u01ae": -11,
                "\u0217": -11,
                "\u01b1": -11,
                "\u019c": -11,
                "\u01b3": -13,
                "\u01b4": -15,
                "\u01b5": -11,
                "\u01b6": -11,
                "\u01a2": -15,
                "\u01a3": -15,
                "\u0222": -11,
                "\u0223": -11,
                "\u02ad": -11,
                "\u02ae": -13,
                "\u02af": -15,
                "\ufb14": -19,
                "\ufb15": -19,
                "\ufb17": -19,
                "\ufb16": -19,
                "\ufb13": -19,
                "\u04d0": -11,
                "\u04d1": -11,
                "\u04d2": -11,
                "\u04d3": -11,
                "\u04f6": -11,
                "\u04f7": -9,
                "\u0494": -11,
                "\u0495": -9,
                "\u04d6": -11,
                "\u04d7": -11,
                "\u04bc": -15,
                "\u04bd": -15,
                "\u04be": -15,
                "\u04bf": -15,
                "\u04da": -11,
                "\u04db": -11,
                "\u04dc": -15,
                "\u04dd": -11,
                "\u04c1": -15,
                "\u04c2": -11,
                "\u04de": -11,
                "\u04df": -11,
                "\u04e2": -11,
                "\u04e3": -11,
                "\u04e4": -11,
                "\u04e5": -11,
                "\u04e6": -11,
                "\u04e7": -11,
                "\u04ea": -11,
                "\u04eb": -11,
                "\u04f0": -11,
                "\u04f1": -11,
                "\u04ee": -11,
                "\u04ef": -11,
                "\u04f2": -11,
                "\u04f3": -11,
                "\u04f4": -11,
                "\u04f5": -11,
                "\u04f8": -15,
                "\u04f9": -13,
                "\u04ec": -11,
                "\u04ed": -11,
                "\u0476": -13,
                "\u0477": -13,
                "\u04d4": -19,
                "\u04fa": -13,
                "\u0502": -17,
                "\ua682": -11,
                "\ua680": -13,
                "\ua688": -13,
                "\u052a": -19,
                "\u052c": -13,
                "\ua684": -19,
                "\u0504": -15,
                "\u0510": -11,
                "\u04e0": -11,
                "\u0506": -13,
                "\u048a": -13,
                "\u04c3": -11,
                "\u049e": -13,
                "\u049c": -11,
                "\u051e": -11,
                "\u051a": -11,
                "\u04c5": -13,
                "\u052e": -13,
                "\u0512": -11,
                "\u0520": -17,
                "\u0508": -17,
                "\u0514": -17,
                "\u04cd": -13,
                "\u04c9": -13,
                "\u0528": -13,
                "\u04c7": -11,
                "\u04a4": -13,
                "\u0522": -17,
                "\u050a": -17,
                "\u04a8": -13,
                "\u0524": -13,
                "\u04a6": -17,
                "\u048e": -11,
                "\u0516": -17,
                "\u050c": -11,
                "\ua690": -11,
                "\u04ac": -11,
                "\ua68a": -13,
                "\ua68c": -11,
                "\u050e": -13,
                "\u04b2": -13,
                "\u04fc": -11,
                "\u04fe": -11,
                "\u0526": -13,
                "\ua694": -11,
                "\u04b4": -15,
                "\ua68e": -13,
                "\u04b6": -13,
                "\u04cb": -11,
                "\u04b8": -11,
                "\ua692": -13,
                "\ua696": -17,
                "\ua686": -11,
                "\u048c": -13,
                "\u0518": -19,
                "\u051c": -11,
                "\u04d5": -19,
                "\u04fb": -11,
                "\u0503": -17,
                "\ua683": -11,
                "\ua681": -13,
                "\ua689": -13,
                "\u052b": -19,
                "\u052d": -13,
                "\ua685": -17,
                "\u0505": -15,
                "\u0511": -11,
                "\u04e1": -11,
                "\u0507": -13,
                "\u048b": -13,
                "\u04c4": -9,
                "\u049f": -11,
                "\u049d": -11,
                "\u051f": -11,
                "\u051b": -11,
                "\u04c6": -13,
                "\u052f": -13,
                "\u0513": -11,
                "\u0521": -17,
                "\u0509": -17,
                "\u0515": -17,
                "\u04ce": -13,
                "\u04ca": -13,
                "\u0529": -13,
                "\u04c8": -11,
                "\u04a5": -13,
                "\u0523": -17,
                "\u050b": -17,
                "\u04a9": -13,
                "\u0525": -13,
                "\u04a7": -17,
                "\u048f": -11,
                "\u0517": -17,
                "\u050d": -11,
                "\ua691": -11,
                "\u04ad": -11,
                "\ua68b": -13,
                "\ua68d": -11,
                "\u050f": -13,
                "\u04b3": -13,
                "\u04fd": -11,
                "\u04ff": -11,
                "\u0527": -13,
                "\ua695": -11,
                "\u04b5": -13,
                "\ua68f": -11,
                "\u04b7": -13,
                "\u04cc": -11,
                "\u04b9": -11,
                "\ua693": -13,
                "\ua697": -13,
                "\ua687": -11,
                "\u048d": -13,
                "\u0519": -19,
                "\u051d": -11,
                "\u1f08": -17,
                "\u1f00": -11,
                "\u1f09": -17,
                "\u1f01": -11,
                "\u1f0a": -19,
                "\u1f02": -11,
                "\u1f0b": -19,
                "\u1f03": -11,
                "\u1f0c": -19,
                "\u1f04": -11,
                "\u1f0d": -19,
                "\u1f05": -13,
                "\u1f0e": -17,
                "\u1f06": -11,
                "\u1f0f": -17,
                "\u1f07": -11,
                "\u1fba": -17,
                "\u1f70": -11,
                "\u1fb8": -11,
                "\u1fb0": -11,
                "\u1fb9": -11,
                "\u1fb1": -11,
                "\u1fbb": -17,
                "\u1f71": -11,
                "\u1f88": -17,
                "\u1f80": -11,
                "\u1f89": -17,
                "\u1f81": -11,
                "\u1f8a": -19,
                "\u1f82": -11,
                "\u1f8b": -19,
                "\u1f83": -11,
                "\u1f8c": -19,
                "\u1f84": -11,
                "\u1f8d": -19,
                "\u1f85": -11,
                "\u1f8e": -17,
                "\u1f86": -11,
                "\u1f8f": -17,
                "\u1f87": -11,
                "\u1fbc": -11,
                "\u1fb4": -11,
                "\u1fb6": -11,
                "\u1fb7": -11,
                "\u1fb2": -11,
                "\u1fb3": -11,
                "\u1f18": -17,
                "\u1f10": -11,
                "\u1f19": -17,
                "\u1f11": -11,
                "\u1f1a": -19,
                "\u1f12": -11,
                "\u1f1b": -19,
                "\u1f13": -11,
                "\u1f1c": -19,
                "\u1f14": -11,
                "\u1f1d": -19,
                "\u1f15": -11,
                "\u1fc8": -17,
                "\u1fc9": -17,
                "\u1f72": -11,
                "\u1f73": -11,
                "\u1f28": -17,
                "\u1f20": -11,
                "\u1fca": -17,
                "\u1f74": -11,
                "\u1f29": -17,
                "\u1f21": -11,
                "\u1f2a": -19,
                "\u1f22": -11,
                "\u1f2b": -19,
                "\u1f23": -11,
                "\u1f2c": -19,
                "\u1f24": -11,
                "\u1f2d": -19,
                "\u1f25": -11,
                "\u1f2e": -17,
                "\u1f26": -11,
                "\u1f2f": -17,
                "\u1f27": -11,
                "\u1f98": -17,
                "\u1f90": -11,
                "\u1f99": -17,
                "\u1f91": -11,
                "\u1f9a": -19,
                "\u1f92": -11,
                "\u1f9b": -19,
                "\u1f93": -11,
                "\u1f9c": -19,
                "\u1f94": -11,
                "\u1f9d": -19,
                "\u1f95": -11,
                "\u1f9e": -17,
                "\u1f96": -11,
                "\u1f9f": -17,
                "\u1f97": -11,
                "\u1fcb": -17,
                "\u1f75": -11,
                "\u1fcc": -11,
                "\u1fc3": -11,
                "\u1fc2": -11,
                "\u1fc4": -11,
                "\u1fc6": -11,
                "\u1fc7": -11,
                "\u1fda": -13,
                "\u1f76": -7,
                "\u1fdb": -13,
                "\u1f77": -5,
                "\u1f38": -13,
                "\u1f30": -7,
                "\u1f39": -19,
                "\u1f31": -5,
                "\u1f3a": -17,
                "\u1f32": -11,
                "\u1f3b": -15,
                "\u1f33": -11,
                "\u1f3c": -17,
                "\u1f34": -11,
                "\u1f3d": -15,
                "\u1f35": -11,
                "\u1f3e": -13,
                "\u1f36": -9,
                "\u1f3f": -13,
                "\u1f37": -9,
                "\u1fd8": -9,
                "\u1fd0": -9,
                "\u1fd9": -7,
                "\u1fd1": -7,
                "\u1fd2": -7,
                "\u1fd3": -7,
                "\u1fd6": -9,
                "\u1fd7": -9,
                "\u1ff8": -17,
                "\u1f78": -11,
                "\u1ff9": -17,
                "\u1f79": -11,
                "\u1f48": -17,
                "\u1f40": -11,
                "\u1f49": -17,
                "\u1f41": -11,
                "\u1f4a": -19,
                "\u1f42": -11,
                "\u1f4b": -19,
                "\u1f43": -11,
                "\u1f4c": -19,
                "\u1f44": -11,
                "\u1f4d": -19,
                "\u1f45": -11,
                "\u1fec": -17,
                "\u1fe4": -11,
                "\u1fe5": -11,
                "\u1fea": -17,
                "\u1f7a": -11,
                "\u1feb": -17,
                "\u1f7b": -11,
                "\u1f59": -17,
                "\u1f51": -11,
                "\u1f5b": -19,
                "\u1f53": -11,
                "\u1f5d": -19,
                "\u1f55": -11,
                "\u1f5f": -17,
                "\u1f57": -11,
                "\u1fe8": -11,
                "\u1fe0": -11,
                "\u1fe9": -11,
                "\u1fe1": -11,
                "\u03d3": -19,
                "\u03d4": -13,
                "\u1fe2": -11,
                "\u1fe3": -11,
                "\u1fe7": -11,
                "\u1f50": -11,
                "\u1f52": -11,
                "\u1f54": -11,
                "\u1fe6": -11,
                "\u1f56": -11,
                "\u1ffa": -17,
                "\u1f7c": -15,
                "\u1ffb": -17,
                "\u1f7d": -15,
                "\u1f68": -17,
                "\u1f60": -15,
                "\u1f69": -17,
                "\u1f61": -15,
                "\u1f6a": -19,
                "\u1f62": -15,
                "\u1f6b": -19,
                "\u1f63": -15,
                "\u1f6c": -19,
                "\u1f64": -15,
                "\u1f6d": -19,
                "\u1f65": -15,
                "\u1f6e": -17,
                "\u1f66": -15,
                "\u1f6f": -19,
                "\u1f67": -15,
                "\u1fa8": -17,
                "\u1fa0": -15,
                "\u1fa9": -17,
                "\u1fa1": -15,
                "\u1faa": -19,
                "\u1fa2": -15,
                "\u1fab": -19,
                "\u1fa3": -15,
                "\u1fac": -19,
                "\u1fa4": -15,
                "\u1fad": -19,
                "\u1fa5": -15,
                "\u1fae": -17,
                "\u1fa6": -15,
                "\u1faf": -19,
                "\u1fa7": -15,
                "\u1ffc": -11,
                "\u1ff3": -15,
                "\u1ff2": -15,
                "\u1ff4": -15,
                "\u1ff6": -15,
                "\u1ff7": -15,
                "\u262f": -19,
                "\u2610": -19,
                "\u2611": -19,
                "\u2612": -19,
                "\u018d": -11,
                "\u01ba": -11,
                "\u2c7e": -11,
                "\u023f": -11,
                "\u2c7f": -11,
                "\u0240": -11,
                "\u1d80": -11,
                "\ua7c4": -11,
                "\ua794": -11,
                "\u1d81": -13,
                "\u1d82": -9,
                "\u1d83": -13,
                "\ua795": -13,
                "\u1d84": -11,
                "\u1d85": -5,
                "\u1d86": -13,
                "\u1d87": -13,
                "\u1d88": -11,
                "\u1d89": -11,
                "\u1d8a": -11,
                "\u1d8b": -11,
                "\u1d8c": -11,
                "\u1d8d": -13,
                "\ua7c6": -13,
                "\u1d8e": -13,
                "\u1d8f": -13,
                "\u1d90": -13,
                "\u1d92": -13,
                "\u1d93": -13,
                "\u1d94": -11,
                "\u1d95": -13,
                "\u1d96": -5,
                "\u1d97": -13,
                "\u1d98": -11,
                "\u1d99": -13,
                "\u1d9a": -11,
                "\u1e9a": -11,
                "\u2152": -19,
                "\u2158": -19,
                "\u20a8": -19,
                "\u20af": -19,
                "\u2030": -15,
                "\u20b4": -15,
                "\u2260": -11,
                "\u04bb": -11,
                "\u0391": -11,
                "\u0392": -11,
                "\u0393": -11,
                "\u0394": -11,
                "\u0395": -11,
                "\u0396": -11,
                "\u0397": -11,
                "\u0398": -11,
                "\u0399": -7,
                "\u039a": -11,
                "\u039b": -11,
                "\u039c": -11,
                "\u039d": -11,
                "\u039e": -11,
                "\u039f": -11,
                "\u03a0": -11,
                "\u03a1": -11,
                "\u03a3": -11,
                "\u03a4": -11,
                "\u03a5": -11,
                "\u03a6": -11,
                "\u03a7": -11,
                "\u03a8": -11,
                "\u03a9": -11,
                "\u03b1": -11,
                "\u03b2": -11,
                "\u03b3": -11,
                "\u03b4": -11,
                "\u03b5": -11,
                "\u03b6": -11,
                "\u03b7": -11,
                "\u03b8": -11,
                "\u03b9": -5,
                "\u03ba": -9,
                "\u03bb": -11,
                "\u03bc": -11,
                "\u03bd": -11,
                "\u03be": -11,
                "\u03bf": -11,
                "\u03c0": -11,
                "\u03c1": -11,
                "\u03c2": -11,
                "\u03c3": -13,
                "\u03c4": -11,
                "\u03c5": -11,
                "\u03c6": -11,
                "\u03c7": -11,
                "\u03c8": -11,
                "\u03c9": -15,
                "\u0402": -15,
                "\u0405": -11,
                "\u0406": -7,
                "\u0408": -11,
                "\u0409": -15,
                "\u040a": -13,
                "\u040b": -13,
                "\u0410": -11,
                "\u0411": -11,
                "\u0412": -11,
                "\u0413": -11,
                "\u0414": -13,
                "\u0415": -11,
                "\u0416": -15,
                "\u0417": -11,
                "\u0418": -11,
                "\u041a": -11,
                "\u041b": -11,
                "\u041c": -11,
                "\u041d": -11,
                "\u041e": -11,
                "\u041f": -11,
                "\u0420": -11,
                "\u0421": -11,
                "\u0422": -11,
                "\u0423": -11,
                "\u0424": -15,
                "\u0425": -11,
                "\u0426": -13,
                "\u0427": -11,
                "\u0428": -15,
                "\u0429": -17,
                "\u042a": -13,
                "\u042b": -15,
                "\u042c": -11,
                "\u042d": -11,
                "\u042e": -15,
                "\u042f": -11,
                "\u0430": -11,
                "\u0431": -11,
                "\u0432": -11,
                "\u0433": -9,
                "\u0434": -13,
                "\u0435": -11,
                "\u0436": -11,
                "\u0437": -11,
                "\u0438": -11,
                "\u043a": -9,
                "\u043b": -11,
                "\u043c": -11,
                "\u043d": -11,
                "\u043e": -11,
                "\u043f": -11,
                "\u0440": -11,
                "\u0441": -11,
                "\u0442": -11,
                "\u0443": -11,
                "\u0444": -11,
                "\u0445": -11,
                "\u0446": -11,
                "\u0447": -11,
                "\u0448": -11,
                "\u0449": -13,
                "\u044a": -13,
                "\u044b": -13,
                "\u044c": -11,
                "\u044d": -11,
                "\u044e": -15,
                "\u044f": -11,
                "\u0454": -11,
                "\u0455": -11,
                "\u0456": -3,
                "\u0458": -11,
                "\u0459": -15,
                "\u045a": -13,
                "\u2013": -13,
                "\u2014": -17,
                "\u2018": -5,
                "\u2019": -5,
                "\u201c": -9,
                "\u201d": -9,
                "\u201e": -9,
                "\u2026": -15,
                "\u204a": -9,
                "\u2190": -15,
                "\u2191": -11,
                "\u2192": -15,
                "\u2193": -11,
                "\u21c4": -15,
                "\uff0b": -11,
                "\u018f": -11,
                "\u0259": -11,
                "\u025b": -11,
                "\u026a": -7,
                "\u04ae": -11,
                "\u04af": -11,
                "\u04e8": -11,
                "\u04e9": -11,
                "\u02bb": -3,
                "\u02cc": -3,
                "\u037e": -3,
                "\u0138": -9,
                "\u1e9e": -11,
                "\u20bd": -13,
                "\u20ac": -13,
                "\u0462": -13,
                "\u0463": -13,
                "\u0474": -13,
                "\u0475": -13,
                "\u04c0": -7,
                "\u0472": -11,
                "\u0473": -11,
                "\u2070": -9,
                "\u2074": -9,
                "\u2075": -9,
                "\u2076": -9,
                "\u2077": -9,
                "\u2078": -9,
                "\u2079": -9,
                "\u207a": -7,
                "\u207b": -7,
                "\u207c": -7,
                "\u207d": -5,
                "\u207e": -5,
                "\u2071": -3,
                "\u2122": -17,
                "\u0294": -11,
                "\u0295": -11,
                "\u29c8": -15,
                "\u2694": -15,
                "\u2620": -15,
                "\u049a": -13,
                "\u049b": -11,
                "\u0492": -13,
                "\u0493": -11,
                "\u04b0": -11,
                "\u04b1": -11,
                "\u04d8": -11,
                "\u04d9": -11,
                "\u0496": -17,
                "\u0497": -13,
                "\u04a2": -13,
                "\u04a3": -13,
                "\u04ba": -11,
                "\u05d0": -11,
                "\u05d1": -11,
                "\u05d2": -9,
                "\u05d3": -11,
                "\u05d4": -11,
                "\u05d5": -3,
                "\u05d6": -7,
                "\u05d7": -11,
                "\u05d8": -11,
                "\u05d9": -3,
                "\u05db": -11,
                "\u05dc": -11,
                "\u05de": -11,
                "\u05dd": -11,
                "\u05e0": -7,
                "\u05df": -3,
                "\u05e1": -11,
                "\u05e2": -11,
                "\u05e4": -11,
                "\u05e3": -11,
                "\u05e6": -11,
                "\u05e5": -11,
                "\u05e7": -11,
                "\u05e8": -11,
                "\u0387": -3,
                "\u2010": -7,
                "\u201a": -5,
                "\u2020": -11,
                "\u2021": -11,
                "\u2022": -5,
                "\u2031": -17,
                "\u2032": -5,
                "\u2033": -9,
                "\u2034": -13,
                "\u2035": -5,
                "\u2036": -9,
                "\u2037": -13,
                "\u2039": -7,
                "\u203a": -7,
                "\u203b": -15,
                "\u203c": -7,
                "\u203d": -11,
                "\u2042": -15,
                "\u2048": -15,
                "\u2049": -15,
                "\u204b": -13,
                "\u204e": -7,
                "\u204f": -3,
                "\u2051": -7,
                "\u2052": -7,
                "\u2057": -17,
                "\u2117": -15,
                "\u2212": -11,
                "\u2213": -11,
                "\u221e": -15,
                "\u2600": -17,
                "\u2601": -17,
                "\u2608": -15,
                "\u0404": -11,
                "\u2632": -11,
                "\u2635": -11,
                "\u263d": -17,
                "\u2640": -7,
                "\u2642": -11,
                "\u26a5": -11,
                "\u2660": -11,
                "\u2663": -11,
                "\u2665": -11,
                "\u2666": -11,
                "\u2669": -7,
                "\u266a": -11,
                "\u266b": -15,
                "\u266c": -15,
                "\u266d": -7,
                "\u266e": -7,
                "\u266f": -11,
                "\u2680": -15,
                "\u2681": -15,
                "\u2682": -15,
                "\u2683": -15,
                "\u2684": -15,
                "\u2685": -15,
                "\u02ac": -11,
                "\u26a1": -11,
                "\u26cf": -17,
                "\u2714": -13,
                "\u2744": -15,
                "\u274c": -13,
                "\u2764": -15,
                "\u2b50": -15,
                "\u2e18": -11,
                "\u2e2e": -11,
                "\u2e35": -3,
                "\u2e38": -11,
                "\u2e41": -3,
                "\u2e4b": -11,
                "\u295d": -11,
                "\u1614": -11,
                "\u0190": -11,
                "\u07c8": -11,
                "\u03db": -11,
                "\u3125": -11,
                "\u2c6f": -11,
                "\u15fa": -11,
                "\u0186": -11,
                "\u15e1": -11,
                "\u018e": -11,
                "\u2132": -11,
                "\u2141": -11,
                "\ua7b0": -11,
                "\ua780": -11,
                "\u0500": -11,
                "\ua779": -11,
                "\u1d1a": -11,
                "\u27d8": -11,
                "\u2229": -11,
                "\u0245": -11,
                "\u2144": -11,
                "\u0250": -11,
                "\u0254": -11,
                "\u01dd": -11,
                "\u025f": -9,
                "\u1d77": -11,
                "\u0265": -11,
                "\u1d09": -3,
                "\u027e": -11,
                "\u029e": -9,
                "\ua781": -5,
                "\u026f": -11,
                "\u0279": -11,
                "\u0287": -7,
                "\u028c": -11,
                "\u028d": -11,
                "\u028e": -11,
                "\u0531": -11,
                "\u0532": -11,
                "\u0533": -13,
                "\u0534": -13,
                "\u0536": -11,
                "\u0537": -11,
                "\u0539": -13,
                "\u053a": -13,
                "\u053b": -11,
                "\u053c": -9,
                "\u053d": -13,
                "\u053e": -11,
                "\u053f": -11,
                "\u0540": -11,
                "\u0541": -11,
                "\u0542": -13,
                "\u0543": -11,
                "\u0544": -13,
                "\u0545": -11,
                "\u0546": -11,
                "\u0547": -11,
                "\u0548": -11,
                "\u0549": -11,
                "\u054b": -11,
                "\u054c": -13,
                "\u054d": -11,
                "\u054e": -11,
                "\u054f": -11,
                "\u0550": -11,
                "\u0551": -11,
                "\u0552": -9,
                "\u0553": -11,
                "\u0554": -11,
                "\u0555": -11,
                "\u0556": -11,
                "\u0559": -5,
                "\u0561": -11,
                "\u0562": -11,
                "\u0563": -13,
                "\u0564": -13,
                "\u0565": -11,
                "\u0566": -13,
                "\u0567": -9,
                "\u0568": -11,
                "\u0569": -11,
                "\u056a": -13,
                "\u056b": -11,
                "\u056c": -5,
                "\u056d": -13,
                "\u056e": -11,
                "\u056f": -11,
                "\u0570": -11,
                "\u0571": -11,
                "\u0572": -13,
                "\u0573": -11,
                "\u0574": -13,
                "\u0575": -11,
                "\u0576": -13,
                "\u0577": -11,
                "\u0578": -11,
                "\u0579": -11,
                "\u057a": -11,
                "\u057b": -11,
                "\u057c": -11,
                "\u057d": -11,
                "\u057e": -13,
                "\u057f": -15,
                "\u0580": -11,
                "\u0581": -11,
                "\u0582": -9,
                "\u0583": -15,
                "\u0584": -13,
                "\u0585": -11,
                "\u0586": -11,
                "\u0587": -13,
                "\u05e9": -11,
                "\u05ea": -11,
                "\u0538": -11,
                "\u055a": -5,
                "\u055b": -5,
                "\u055c": -7,
                "\u055d": -5,
                "\u055e": -7,
                "\u055f": -11,
                "\u0560": -11,
                "\u0588": -13,
                "\u058f": -11,
                "\u017f": -7,
                "\u01b7": -11,
                "\u0292": -11,
                "\u01f7": -11,
                "\u01bf": -11,
                "\u021c": -11,
                "\u021d": -11,
                "\u0224": -11,
                "\u0225": -11,
                "\u02d9": -3,
                "\ua75a": -11,
                "\ua75b": -9,
                "\u2011": -7,
                "\u214b": -11,
                "\u23cf": -11,
                "\u23e9": -13,
                "\u23ea": -13,
                "\u23ed": -15,
                "\u23ee": -15,
                "\u23ef": -13,
                "\u23f4": -7,
                "\u23f5": -7,
                "\u23f6": -11,
                "\u23f7": -11,
                "\u23f8": -7,
                "\u23f9": -11,
                "\u23fa": -11,
                "\u23fb": -15,
                "\u23fc": -15,
                "\u23fd": -3,
                "\u2b58": -15,
                "\u25b2": -11,
                "\u25b6": -13,
                "\u25bc": -11,
                "\u25c0": -13,
                "\u25cf": -9,
                "\u25e6": -7,
                "\u25d8": -7,
                "\u2693": -15,
                "\u26e8": -15,
                "\u0132": -11,
                "\u0133": -9,
                "\u01c9": -15,
                "\ua728": -15,
                "\ua729": -13,
                "\ua739": -17,
                "\ua73b": -17,
                "\ufb00": -15,
                "\ufb01": -11,
                "\ufb02": -13,
                "\ufb03": -17,
                "\ufb05": -11,
                "\ufffd": -15,
                "\u0535": -11,
                "\u054a": -11,
                "\u16a0": -9,
                "\u16a2": -11,
                "\u16a3": -11,
                "\u16a4": -11,
                "\u16a5": -11,
                "\u16a6": -9,
                "\u16a7": -9,
                "\u16a8": -7,
                "\u16a9": -9,
                "\u16aa": -9,
                "\u16ab": -9,
                "\u16ac": -11,
                "\u16ad": -7,
                "\u16ae": -7,
                "\u16af": -11,
                "\u16b0": -11,
                "\u16b1": -9,
                "\u16b2": -7,
                "\u16b3": -9,
                "\u16b4": -9,
                "\u16b6": -11,
                "\u16b7": -11,
                "\u16b8": -11,
                "\u16b9": -9,
                "\u16ba": -11,
                "\u16bb": -11,
                "\u16bc": -11,
                "\u16bd": -7,
                "\u16be": -11,
                "\u16bf": -7,
                "\u16c0": -11,
                "\u16c1": -3,
                "\u16c2": -7,
                "\u16c3": -13,
                "\u16c4": -11,
                "\u16c5": -11,
                "\u16c6": -7,
                "\u16c7": -11,
                "\u16c8": -9,
                "\u16c9": -11,
                "\u16ca": -7,
                "\u16cb": -11,
                "\u16cc": -3,
                "\u16cd": -7,
                "\u16ce": -11,
                "\u16cf": -11,
                "\u16d0": -7,
                "\u16d1": -9,
                "\u16d2": -9,
                "\u16d3": -7,
                "\u16d4": -9,
                "\u16d5": -9,
                "\u16d6": -11,
                "\u16d7": -11,
                "\u16d8": -11,
                "\u16d9": -7,
                "\u16da": -7,
                "\u16db": -9,
                "\u16dc": -11,
                "\u16dd": -11,
                "\u16de": -11,
                "\u16df": -13,
                "\u16e0": -15,
                "\u16e1": -11,
                "\u16e2": -15,
                "\u16e3": -11,
                "\u16e4": -11,
                "\u16e5": -11,
                "\u16e6": -11,
                "\u16e7": -3,
                "\u16e8": -11,
                "\u16e9": -9,
                "\u16ea": -15,
                "\u16eb": -5,
                "\u16ec": -3,
                "\u16ed": -11,
                "\u16ee": -11,
                "\u16ef": -11,
                "\u16f0": -11,
                "\u16f1": -11,
                "\u16f2": -11,
                "\u16f3": -15,
                "\u16f4": -9,
                "\u16f5": -5,
                "\u16f6": -11,
                "\u16f7": -11,
                "\u16f8": -11,
                "\u263a": -11,
                "\u263b": -15,
                "\u2639": -11,
                "\u05da": -11,
                "\u05f3": -5,
                "\u05f4": -9,
                "\u05f0": -7,
                "\u05f1": -7,
                "\u05f2": -7,
                "\u05be": -11,
                "\u05c3": -3,
                "\u05c6": -7,
                "\u1d00": -11,
                "\u0299": -11,
                "\u1d04": -11,
                "\u1d05": -11,
                "\u1d07": -11,
                "\ua730": -11,
                "\u0262": -11,
                "\u029c": -11,
                "\u1d0a": -11,
                "\u1d0b": -11,
                "\u029f": -11,
                "\u1d0d": -11,
                "\u0274": -11,
                "\u1d0f": -11,
                "\u1d18": -11,
                "\ua7af": -11,
                "\u0280": -11,
                "\ua731": -11,
                "\u1d1b": -11,
                "\u1d1c": -11,
                "\u1d20": -11,
                "\u1d21": -11,
                "\u028f": -11,
                "\u1d22": -11,
                "\u0271": -11,
                "\u0273": -13,
                "\u0272": -13,
                "\u0288": -7,
                "\u0256": -13,
                "\u0261": -11,
                "\u02a1": -11,
                "\u0255": -11,
                "\u0291": -11,
                "\u0278": -11,
                "\u029d": -11,
                "\u02a2": -11,
                "\u027b": -13,
                "\u0281": -11,
                "\u0266": -11,
                "\u028b": -11,
                "\u0270": -11,
                "\u026c": -9,
                "\u026e": -11,
                "\u0298": -11,
                "\u01c0": -3,
                "\u01c3": -3,
                "\u01c2": -11,
                "\u01c1": -7,
                "\u0253": -11,
                "\u0257": -13,
                "\u1d91": -13,
                "\u0284": -13,
                "\u0260": -13,
                "\u029b": -13,
                "\u0267": -11,
                "\u026b": -11,
                "\u0268": -7,
                "\u0289": -15,
                "\u028a": -11,
                "\u0258": -11,
                "\u0275": -11,
                "\u0264": -11,
                "\u025c": -11,
                "\u025e": -11,
                "\u0251": -11,
                "\u0252": -11,
                "\u025a": -15,
                "\u025d": -15,
                "\u0181": -15,
                "\u0189": -13,
                "\u0191": -13,
                "\u01a9": -11,
                "\u01b2": -11,
                "\u10a0": -11,
                "\u10a1": -15,
                "\u10a2": -15,
                "\u10a3": -11,
                "\u10a4": -11,
                "\u10a5": -15,
                "\u10a6": -15,
                "\u10a7": -15,
                "\u10a8": -11,
                "\u10a9": -11,
                "\u10aa": -15,
                "\u10ab": -13,
                "\u10ac": -11,
                "\u10ad": -15,
                "\u10ae": -15,
                "\u10af": -13,
                "\u10b0": -15,
                "\u10b1": -11,
                "\u10b2": -11,
                "\u10b3": -15,
                "\u10b4": -11,
                "\u10b5": -11,
                "\u10b6": -11,
                "\u10b7": -11,
                "\u10b8": -11,
                "\u10b9": -11,
                "\u10ba": -11,
                "\u10bb": -15,
                "\u10bc": -11,
                "\u10bd": -11,
                "\u10be": -11,
                "\u10bf": -11,
                "\u10c0": -15,
                "\u10c1": -11,
                "\u10c2": -11,
                "\u10c3": -11,
                "\u10c4": -11,
                "\u10c5": -15,
                "\u10c7": -11,
                "\u10cd": -11,
                "\u10d0": -11,
                "\u10d1": -11,
                "\u10d2": -11,
                "\u10d3": -11,
                "\u10d4": -11,
                "\u10d5": -11,
                "\u10d6": -11,
                "\u10d7": -11,
                "\u10d8": -11,
                "\u10d9": -11,
                "\u10da": -15,
                "\u10db": -11,
                "\u10dc": -11,
                "\u10dd": -11,
                "\u10de": -11,
                "\u10df": -11,
                "\u10e0": -11,
                "\u10e1": -11,
                "\u10e2": -11,
                "\u10e3": -11,
                "\u10e4": -11,
                "\u10e5": -11,
                "\u10e6": -11,
                "\u10e7": -11,
                "\u10e8": -11,
                "\u10e9": -11,
                "\u10ea": -11,
                "\u10eb": -11,
                "\u10ec": -11,
                "\u10ed": -11,
                "\u10ee": -11,
                "\u10ef": -9,
                "\u10f0": -11,
                "\u10f1": -13,
                "\u10f2": -11,
                "\u10f3": -11,
                "\u10f4": -11,
                "\u10f5": -11,
                "\u10f6": -11,
                "\u10f7": -11,
                "\u10f8": -11,
                "\u10f9": -11,
                "\u10fa": -11,
                "\u10fb": -7,
                "\u10fc": -7,
                "\u10fd": -11,
                "\u10fe": -11,
                "\u10ff": -11,
                "\ufb4a": -11,
                "\ufb2b": -11,
                "\ufb4e": -11,
                "\ufb44": -11,
                "\ufb3b": -9,
                "\ufb1f": -7,
                "\ufb1d": -3,
                "\ufb4b": -5,
                "\ufb35": -7,
                "\ufb4c": -11,
                "\ufb31": -11,
                "\ua727": -11,
                "\ua726": -11,
                "\u027a": -11,
                "\u2c71": -15,
                "\u02a0": -13,
                "\u0297": -11,
                "\u0296": -11,
                "\u026d": -5,
                "\u0277": -15,
                "\u027f": -11,
                "\u0285": -11,
                "\u0286": -13,
                "\u0293": -11,
                "\u029a": -11,
                "\u20aa": -15,
                "\u20be": -13,
                "\u058a": -11,
                "\u2d00": -11,
                "\u2d01": -13,
                "\u2d02": -13,
                "\u2d03": -11,
                "\u2d04": -11,
                "\u2d05": -11,
                "\u2d06": -13,
                "\u2d21": -11,
                "\u2d07": -11,
                "\u2d08": -11,
                "\u2d09": -11,
                "\u2d0a": -11,
                "\u2d0b": -11,
                "\u2d0c": -11,
                "\u2d22": -11,
                "\u2d0d": -11,
                "\u2d0e": -13,
                "\u2d0f": -13,
                "\u2d10": -11,
                "\u2d11": -11,
                "\u2d12": -11,
                "\u2d23": -11,
                "\u2d13": -11,
                "\u2d14": -11,
                "\u2d15": -11,
                "\u2d16": -11,
                "\u2d17": -11,
                "\u2d18": -11,
                "\u2d19": -11,
                "\u2d1a": -11,
                "\u2d1b": -11,
                "\u2d1c": -11,
                "\u2d1d": -13,
                "\u2d1e": -11,
                "\u2d24": -11,
                "\u2d1f": -11,
                "\u2d20": -11,
                "\u2d25": -11,
                "\u215b": -17,
                "\u215c": -17,
                "\u215d": -17,
                "\u215e": -17,
                "\u2153": -17,
                "\u2154": -17,
                "\u2709": -15,
                "\u2602": -15,
                "\u2614": -15,
                "\u2604": -15,
                "\u26c4": -13,
                "\u2603": -15,
                "\u231b": -15,
                "\u231a": -15,
                "\u2690": -15,
                "\u270e": -15,
                "\u2763": -11,
                "\u2664": -11,
                "\u2667": -11,
                "\u2661": -11,
                "\u2662": -11,
                "\u26c8": -17,
                "\u2630": -11,
                "\u2631": -11,
                "\u2633": -11,
                "\u2634": -11,
                "\u2636": -11,
                "\u2637": -11,
                "\u2194": -17,
                "\u21d2": -17,
                "\u21cf": -17,
                "\u21d4": -17,
                "\u21f5": -13,
                "\u2200": -15,
                "\u2203": -11,
                "\u2204": -11,
                "\u2209": -11,
                "\u220b": -11,
                "\u220c": -11,
                "\u2282": -11,
                "\u2283": -11,
                "\u2284": -11,
                "\u2285": -11,
                "\u2227": -11,
                "\u2228": -11,
                "\u22bb": -11,
                "\u22bc": -11,
                "\u22bd": -11,
                "\u2225": -7,
                "\u2262": -13,
                "\u22c6": -7,
                "\u2211": -11,
                "\u22a4": -11,
                "\u22a5": -11,
                "\u22a2": -11,
                "\u22a8": -11,
                "\u2254": -15,
                "\u2201": -9,
                "\u2234": -11,
                "\u2235": -11,
                "\u221b": -15,
                "\u221c": -15,
                "\u2202": -11,
                "\u22c3": -11,
                "\u2286": -11,
                "\u2287": -11,
                "\u25a1": -11,
                "\u25b3": -11,
                "\u25b7": -13,
                "\u25bd": -11,
                "\u25c1": -13,
                "\u25c6": -11,
                "\u25c7": -11,
                "\u25cb": -11,
                "\u25ce": -15,
                "\u2606": -15,
                "\u2605": -15,
                "\u2718": -13,
                "\u2080": -9,
                "\u2081": -7,
                "\u2082": -9,
                "\u2083": -9,
                "\u2084": -9,
                "\u2085": -9,
                "\u2086": -9,
                "\u2087": -9,
                "\u2088": -9,
                "\u2089": -9,
                "\u208a": -7,
                "\u208b": -7,
                "\u208c": -7,
                "\u208d": -5,
                "\u208e": -5,
                "\u222b": -11,
                "\u222e": -11,
                "\u221d": -13,
                "\u2300": -15,
                "\u2302": -15,
                "\u2318": -15,
                "\u3012": -11,
                "\u027c": -11,
                "\u0184": -13,
                "\u0185": -13,
                "\u1e9f": -11,
                "\u023d": -13,
                "\u019a": -7,
                "\u019b": -11,
                "\u0220": -11,
                "\u019e": -11,
                "\u019f": -11,
                "\u01a7": -11,
                "\u01a8": -11,
                "\u01aa": -11,
                "\u01b8": -11,
                "\u01b9": -11,
                "\u01bb": -11,
                "\u01bc": -11,
                "\u01bd": -11,
                "\u01be": -11,
                "\u0221": -15,
                "\u0234": -7,
                "\u0235": -15,
                "\u0236": -9,
                "\u023a": -11,
                "\u2c65": -13,
                "\u023b": -11,
                "\u023c": -11,
                "\u0246": -11,
                "\u0247": -13,
                "\u023e": -11,
                "\u2c66": -11,
                "\u0241": -11,
                "\u0242": -11,
                "\u0243": -13,
                "\u0244": -15,
                "\u0248": -13,
                "\u0249": -13,
                "\u024a": -13,
                "\u024b": -13,
                "\u024c": -13,
                "\u024d": -13,
                "\u024e": -15,
                "\u024f": -15,
                "\u1e9c": -9,
                "\u1e9d": -9,
                "\u1efc": -11,
                "\u1efd": -9,
                "\u1efe": -11,
                "\u1eff": -13,
                "\ua7a8": -13,
                "\ua7a9": -11,
                "\ud800\udf30": -11,
                "\ud800\udf31": -11,
                "\ud800\udf32": -11,
                "\ud800\udf33": -11,
                "\ud800\udf34": -11,
                "\ud800\udf35": -11,
                "\ud800\udf36": -11,
                "\ud800\udf37": -11,
                "\ud800\udf38": -11,
                "\ud800\udf39": -3,
                "\ud800\udf3a": -11,
                "\ud800\udf3b": -11,
                "\ud800\udf3c": -11,
                "\ud800\udf3d": -11,
                "\ud800\udf3e": -11,
                "\ud800\udf3f": -11,
                "\ud800\udf40": -11,
                "\ud800\udf41": -11,
                "\ud800\udf42": -11,
                "\ud800\udf43": -11,
                "\ud800\udf44": -11,
                "\ud800\udf45": -11,
                "\ud800\udf46": -11,
                "\ud800\udf47": -11,
                "\ud800\udf48": -11,
                "\ud800\udf49": -11,
                "\ud800\udf4a": -11,
                "\ud83c\udf27": -17,
                "\ud83d\udd25": -13,
                "\ud83c\udf0a": -17,
                "\u2150": -17,
                "\u2151": -17,
                "\u2155": -17,
                "\u2156": -17,
                "\u2157": -17,
                "\u2159": -15,
                "\u215a": -15,
                "\u215f": -13,
                "\u2189": -17,
                "\ud83d\udde1": -17,
                "\ud83c\udff9": -17,
                "\ud83e\ude93": -13,
                "\ud83d\udd31": -17,
                "\ud83c\udfa3": -17,
                "\ud83e\uddea": -15,
                "\u2697": -15,
                "\u2bea": -15,
                "\u2beb": -15,
                "\u2c6d": -11,
                "\ud83d\udee1": -15,
                "\u2702": -15,
                "\ud83c\udf56": -17,
                "\ud83e\udea3": -15,
                "\ud83d\udd14": -15,
                "\u23f3": -15,
                "\u2691": -15,
                "\u20a0": -11,
                "\u20a1": -11,
                "\u20a2": -11,
                "\u20a3": -13,
                "\u20a4": -11,
                "\u20a5": -11,
                "\u20a6": -15,
                "\u20a9": -15,
                "\u20ab": -13,
                "\u20ad": -13,
                "\u20ae": -11,
                "\u20b0": -11,
                "\u20b1": -15,
                "\u20b2": -11,
                "\u20b3": -15,
                "\u20b5": -11,
                "\u20b6": -11,
                "\u20b7": -15,
                "\u20b8": -11,
                "\u20b9": -11,
                "\u20ba": -13,
                "\u20bb": -15,
                "\u20bc": -11,
                "\u20bf": -11
            }
        }
    ]
}
