{
  "model": {
    "type": "minecraft:range_dispatch",
    "property": "minecraft:custom_model_data",
    "index": 0,
    "entries": [
      {
        "threshold": 0,
        "model": {
          "type": "minecraft:model",
          "model": "ww:item/skybox/lightning_bolt_1",
    "tints": [{ "type": "minecraft:constant", "value": 66046 }]
        }
      },
      {
        "threshold": 1,
        "model": {
          "type": "minecraft:model",
          "model": "ww:item/skybox/lightning_bolt_0",
    "tints": [{ "type": "minecraft:constant", "value": 66046 }]
        }
      }
    ],
    "fallback": {
      "type": "minecraft:empty",
      "model": ""
    }
  }
}