{
  "textures": {
    "2": "ww:item/player_background"
  },
  "elements": [
    {
      "from": [
        -4.5,
        -10,
        0
      ],
      "to": [
        21,
        26,
        0
      ],
      "rotation": {
        "angle": -10,
        "axis": "x",
        "origin": [
          8,
          8,
          8
        ]
      },
      "faces": {
        "south": {
          "uv": [
            0,
            0,
            6.375,
            9
          ],
          "texture": "#2",
          "tintindex": 0
        }
      }
    }
  ],
  "gui_light": "front",
  "display": {
    "gui": {
      "rotation": [
        10,
        0,
        0
      ],
      "translation": [
        34,
        -27,
        0
      ],
      "scale": [
        2,
        2,
        2
      ]
    }
  }
}
