{
  "textures": {
    "0": "ww:item/skin/clownfish/head_hurt",
    "particle": "ww:item/skin/clownfish/head_hurt"
  },
  "elements": [
    {
      "from": [
        5.5,
        -1,
        3.5
      ],
      "to": [
        10.5,
        7,
        12.5
      ],
      "rotation": {
        "angle": -45,
        "axis": "x",
        "origin": [
          8,
          2.5,
          8
        ]
      },
      "faces": {
        "north": {
          "uv": [
            2.25,
            2.25,
            3.5,
            4.25
          ],
          "texture": "#0"
        },
        "east": {
          "uv": [
            0,
            2.25,
            2.25,
            4.25
          ],
          "texture": "#0"
        },
        "south": {
          "uv": [
            5.75,
            2.25,
            7,
            4.25
          ],
          "texture": "#0"
        },
        "west": {
          "uv": [
            3.5,
            2.25,
            5.75,
            4.25
          ],
          "texture": "#0"
        },
        "up": {
          "uv": [
            3.5,
            2.25,
            2.25,
            0
          ],
          "texture": "#0"
        },
        "down": {
          "uv": [
            4.75,
            0,
            3.5,
            2.25
          ],
          "texture": "#0"
        }
      }
    },
    {
      "from": [
        5,
        -1.5,
        3
      ],
      "to": [
        11,
        7.5,
        13
      ],
      "rotation": {
        "angle": -45,
        "axis": "x",
        "origin": [
          8,
          2.5,
          8
        ]
      },
      "faces": {
        "north": {
          "uv": [
            9.25,
            2.25,
            10.5,
            4.25
          ],
          "texture": "#0"
        },
        "east": {
          "uv": [
            7,
            2.25,
            9.25,
            4.25
          ],
          "texture": "#0"
        },
        "south": {
          "uv": [
            12.75,
            2.25,
            14,
            4.25
          ],
          "texture": "#0"
        },
        "west": {
          "uv": [
            10.5,
            2.25,
            12.75,
            4.25
          ],
          "texture": "#0"
        },
        "up": {
          "uv": [
            10.5,
            2.25,
            9.25,
            0
          ],
          "texture": "#0"
        },
        "down": {
          "uv": [
            11.75,
            0,
            10.5,
            2.25
          ],
          "texture": "#0"
        }
      }
    },
    {
      "from": [
        11,
        11.52082,
        4.70711
      ],
      "to": [
        5,
        2.52082,
        -5.29289
      ],
      "rotation": {
        "angle": -45,
        "axis": "x",
        "origin": [
          13,
          14.52082,
          8.70711
        ]
      },
      "faces": {
        "north": {
          "uv": [
            12.75,
            4.25,
            14,
            2.25
          ],
          "texture": "#0"
        },
        "east": {
          "uv": [
            10.5,
            4.25,
            12.75,
            2.25
          ],
          "texture": "#0"
        },
        "south": {
          "uv": [
            9.25,
            4.25,
            10.5,
            2.25
          ],
          "texture": "#0"
        },
        "west": {
          "uv": [
            7,
            4.25,
            9.25,
            2.25
          ],
          "texture": "#0"
        },
        "up": {
          "uv": [
            10.5,
            0,
            11.75,
            2.25
          ],
          "texture": "#0"
        },
        "down": {
          "uv": [
            9.25,
            2.25,
            10.5,
            0
          ],
          "texture": "#0"
        }
      }
    },
    {
      "from": [
        3,
        -1,
        9
      ],
      "to": [
        13,
        5,
        14
      ],
      "rotation": {
        "angle": 0,
        "axis": "y",
        "origin": [
          8,
          4,
          12
        ]
      },
      "faces": {
        "north": {
          "uv": [
            1.25,
            7,
            3.75,
            8.5
          ],
          "texture": "#0"
        },
        "east": {
          "uv": [
            0,
            7,
            1.25,
            8.5
          ],
          "texture": "#0"
        },
        "south": {
          "uv": [
            5,
            7,
            7.5,
            8.5
          ],
          "texture": "#0"
        },
        "west": {
          "uv": [
            3.75,
            7,
            5,
            8.5
          ],
          "texture": "#0"
        },
        "up": {
          "uv": [
            3.75,
            7,
            1.25,
            5.75
          ],
          "texture": "#0"
        },
        "down": {
          "uv": [
            6.25,
            5.75,
            3.75,
            7
          ],
          "texture": "#0"
        }
      }
    },
    {
      "from": [
        2.5,
        -1.5,
        8.5
      ],
      "to": [
        13.5,
        5.5,
        14.5
      ],
      "rotation": {
        "angle": 0,
        "axis": "y",
        "origin": [
          8,
          4,
          12
        ]
      },
      "faces": {
        "north": {
          "uv": [
            8.75,
            7,
            11.25,
            8.5
          ],
          "texture": "#0"
        },
        "east": {
          "uv": [
            7.5,
            7,
            8.75,
            8.5
          ],
          "texture": "#0"
        },
        "south": {
          "uv": [
            12.5,
            7,
            15,
            8.5
          ],
          "texture": "#0"
        },
        "west": {
          "uv": [
            11.25,
            7,
            12.5,
            8.5
          ],
          "texture": "#0"
        },
        "up": {
          "uv": [
            11.25,
            7,
            8.75,
            5.75
          ],
          "texture": "#0"
        },
        "down": {
          "uv": [
            13.75,
            5.75,
            11.25,
            7
          ],
          "texture": "#0"
        }
      }
    },
    {
      "from": [
        8,
        6.24264,
        5.87868
      ],
      "to": [
        8,
        12.24264,
        11.87868
      ],
      "rotation": {
        "angle": 0,
        "axis": "y",
        "origin": [
          7,
          10.24264,
          6.87868
        ]
      },
      "faces": {
        "north": {
          "uv": [
            1.5,
            4.25,
            1.5,
            5.75
          ],
          "texture": "#0"
        },
        "east": {
          "uv": [
            0,
            4.25,
            1.5,
            5.75
          ],
          "texture": "#0"
        },
        "south": {
          "uv": [
            3,
            4.25,
            3,
            5.75
          ],
          "texture": "#0"
        },
        "west": {
          "uv": [
            1.5,
            4.25,
            3,
            5.75
          ],
          "texture": "#0"
        },
        "up": {
          "uv": [
            1.5,
            4.25,
            1.5,
            2.75
          ],
          "texture": "#0"
        },
        "down": {
          "uv": [
            1.5,
            2.75,
            1.5,
            4.25
          ],
          "texture": "#0"
        }
      }
    }
  ],
  "display": {
    "thirdperson_righthand": {
      "scale": [
        0,
        0,
        0
      ]
    },
    "thirdperson_lefthand": {
      "scale": [
        0,
        0,
        0
      ]
    },
    "firstperson_righthand": {
      "scale": [
        0,
        0,
        0
      ]
    },
    "firstperson_lefthand": {
      "scale": [
        0,
        0,
        0
      ]
    },
    "ground": {
      "scale": [
        0,
        0,
        0
      ]
    },
    "gui": {
      "scale": [
        0,
        0,
        0
      ]
    },
    "head": {
      "translation": [
        0,
        6.4,
        0
      ],
      "scale": [
        1.6,
        1.6,
        1.6
      ]
    }
  },
  "groups": [
    {
      "name": "Head11",
      "origin": [
        -120,
        24,
        0
      ],
      "color": 0,
      "children": [
        0,
        1,
        2,
        3,
        4,
        5
      ]
    }
  ]
}
