{
  "format_version": "1.21.11",
  "texture_size": [
    64,
    64
  ],
  "textures": {
    "0": "ww:item/skin/fox/head_hurt",
    "particle": "ww:item/skin/fox/head_hurt"
  },
  "elements": [
    {
      "from": [
        3.5,
        0,
        4
      ],
      "to": [
        12.5,
        5,
        12
      ],
      "rotation": {
        "angle": 0,
        "axis": "y",
        "origin": [
          7.5,
          0,
          8
        ]
      },
      "faces": {
        "north": {
          "uv": [
            2,
            2,
            4.25,
            3.25
          ],
          "texture": "#0"
        },
        "east": {
          "uv": [
            0,
            2,
            2,
            3.25
          ],
          "texture": "#0"
        },
        "south": {
          "uv": [
            6.25,
            2,
            8.5,
            3.25
          ],
          "texture": "#0"
        },
        "west": {
          "uv": [
            4.25,
            2,
            6.25,
            3.25
          ],
          "texture": "#0"
        },
        "up": {
          "uv": [
            4.25,
            2,
            2,
            0
          ],
          "texture": "#0"
        },
        "down": {
          "uv": [
            6.5,
            0,
            4.25,
            2
          ],
          "texture": "#0"
        }
      }
    },
    {
      "from": [
        3.5,
        5,
        6
      ],
      "to": [
        12.5,
        8,
        6
      ],
      "rotation": {
        "angle": 0,
        "axis": "y",
        "origin": [
          7.5,
          5,
          7
        ]
      },
      "faces": {
        "north": {
          "uv": [
            0,
            4.25,
            2.25,
            5
          ],
          "texture": "#0"
        },
        "south": {
          "uv": [
            2.25,
            4.25,
            4.5,
            5
          ],
          "texture": "#0"
        }
      }
    },
    {
      "from": [
        6.5,
        0,
        2
      ],
      "to": [
        9.5,
        2,
        4
      ],
      "rotation": {
        "angle": 0,
        "axis": "y",
        "origin": [
          7.5,
          0,
          0
        ]
      },
      "faces": {
        "north": {
          "uv": [
            0.5,
            3.75,
            1.25,
            4.25
          ],
          "texture": "#0"
        },
        "east": {
          "uv": [
            0,
            3.75,
            0.5,
            4.25
          ],
          "texture": "#0"
        },
        "west": {
          "uv": [
            1.25,
            3.75,
            1.75,
            4.25
          ],
          "texture": "#0"
        },
        "up": {
          "uv": [
            1.25,
            3.75,
            0.5,
            3.25
          ],
          "texture": "#0"
        },
        "down": {
          "uv": [
            2,
            3.25,
            1.25,
            3.75
          ],
          "texture": "#0"
        }
      }
    },
    {
      "from": [
        7.5,
        -1,
        2
      ],
      "to": [
        8.5,
        0,
        2
      ],
      "rotation": {
        "angle": 0,
        "axis": "y",
        "origin": [
          7.5,
          -2,
          0
        ]
      },
      "faces": {
        "north": {
          "uv": [
            0,
            3.25,
            0.25,
            3.5
          ],
          "texture": "#0"
        },
        "south": {
          "uv": [
            0.25,
            3.25,
            0.5,
            3.5
          ],
          "texture": "#0"
        }
      }
    },
    {
      "from": [
        4.9948,
        3.67496,
        12.07046
      ],
      "to": [
        10.9948,
        6.84996,
        13.17046
      ],
      "rotation": {
        "angle": 32.5,
        "axis": "x",
        "origin": [
          4.9948,
          6.84996,
          13.17046
        ]
      },
      "faces": {
        "south": {
          "uv": [
            7,
            7.25,
            8.5,
            8
          ],
          "texture": "#0"
        },
        "up": {
          "uv": [
            8.5,
            7.25,
            7,
            7
          ],
          "texture": "#0"
        }
      }
    },
    {
      "from": [
        1.65,
        4.65,
        4.90736
      ],
      "to": [
        8,
        11,
        11.25736
      ],
      "rotation": {
        "x": 42.0174,
        "y": 36.6102,
        "z": 28.2491,
        "origin": [
          8,
          5,
          4.90736
        ]
      },
      "faces": {
        "north": {
          "uv": [
            1.5,
            7.5,
            3,
            9
          ],
          "texture": "#0"
        },
        "east": {
          "uv": [
            0,
            7.5,
            1.5,
            9
          ],
          "texture": "#0"
        },
        "south": {
          "uv": [
            4.5,
            7.5,
            6,
            9
          ],
          "texture": "#0"
        },
        "west": {
          "uv": [
            3,
            7.5,
            4.5,
            9
          ],
          "texture": "#0"
        },
        "up": {
          "uv": [
            3,
            7.5,
            1.5,
            6
          ],
          "texture": "#0"
        }
      }
    },
    {
      "from": [
        13.89949,
        7,
        6.15
      ],
      "to": [
        6.89949,
        5.025,
        -0.85
      ],
      "rotation": {
        "angle": 45,
        "axis": "y",
        "origin": [
          17.89949,
          8,
          9.15
        ]
      },
      "faces": {
        "north": {
          "uv": [
            5.25,
            5.5,
            7,
            5
          ],
          "texture": "#0"
        },
        "east": {
          "uv": [
            3.5,
            5.5,
            5.25,
            5
          ],
          "texture": "#0"
        },
        "south": {
          "uv": [
            1.75,
            5.5,
            3.5,
            5
          ],
          "texture": "#0"
        },
        "west": {
          "uv": [
            0,
            5.5,
            1.75,
            5
          ],
          "texture": "#0"
        },
        "up": {
          "uv": [
            8.75,
            6.75,
            10.5,
            5
          ],
          "rotation": 270,
          "texture": "#0"
        }
      }
    },
    {
      "from": [
        5.35355,
        4,
        5.26091
      ],
      "to": [
        8.35355,
        12,
        5.26091
      ],
      "rotation": {
        "x": 26.5651,
        "y": 37.7612,
        "z": 39.2315,
        "origin": [
          8.35355,
          4,
          5.26091
        ]
      },
      "faces": {
        "north": {
          "uv": [
            10.5,
            5,
            12.5,
            5.75
          ],
          "rotation": 270,
          "texture": "#0"
        },
        "south": {
          "uv": [
            10.5,
            5.75,
            12.5,
            5
          ],
          "rotation": 270,
          "texture": "#0"
        }
      }
    },
    {
      "from": [
        4,
        5,
        6.15
      ],
      "to": [
        11,
        7,
        13.15
      ],
      "rotation": {
        "angle": 45,
        "axis": "y",
        "origin": [
          8,
          6,
          9.15
        ]
      },
      "faces": {
        "north": {
          "uv": [
            1.75,
            5.5,
            3.5,
            6
          ],
          "texture": "#0"
        },
        "east": {
          "uv": [
            0,
            5.5,
            1.75,
            6
          ],
          "texture": "#0"
        },
        "south": {
          "uv": [
            5.25,
            5.5,
            7,
            6
          ],
          "texture": "#0"
        },
        "west": {
          "uv": [
            3.5,
            5.5,
            5.25,
            6
          ],
          "texture": "#0"
        },
        "down": {
          "uv": [
            8.75,
            5,
            7,
            6.75
          ],
          "texture": "#0"
        }
      }
    }
  ],
  "display": {
    "thirdperson_righthand": {
      "scale": [
        0,
        0,
        0
      ]
    },
    "thirdperson_lefthand": {
      "scale": [
        0,
        0,
        0
      ]
    },
    "firstperson_righthand": {
      "scale": [
        0,
        0,
        0
      ]
    },
    "firstperson_lefthand": {
      "scale": [
        0,
        0,
        0
      ]
    },
    "ground": {
      "scale": [
        0,
        0,
        0
      ]
    },
    "gui": {
      "scale": [
        0,
        0,
        0
      ]
    },
    "head": {
      "translation": [
        0,
        6.4,
        0
      ],
      "scale": [
        1.6,
        1.6,
        1.6
      ]
    }
  },
  "groups": [
    {
      "name": "Head6",
      "origin": [
        -60,
        24,
        0
      ],
      "color": 0,
      "children": [
        0,
        1,
        2,
        3,
        4,
        5,
        6,
        7,
        8
      ]
    }
  ]
}
