{
	"format_version": "1.21.11",
	"texture_size": [64, 64],
	"textures": {
		"0": "ww:item/skin/owl/head",
		"particle": "ww:item/skin/owl/head"
	},
	"elements": [
		{
			"from": [3.5, 0, 3.5],
			"to": [12.5, 8, 12.5],
			"rotation": {"angle": 0, "axis": "y", "origin": [4.5, 0, 4.5]},
			"faces": {
				"north": {"uv": [2.25, 2.25, 4.5, 4.25], "texture": "#0"},
				"east": {"uv": [0, 2.25, 2.25, 4.25], "texture": "#0"},
				"south": {"uv": [6.75, 2.25, 9, 4.25], "texture": "#0"},
				"west": {"uv": [4.5, 2.25, 6.75, 4.25], "texture": "#0"},
				"up": {"uv": [4.5, 2.25, 2.25, 0], "texture": "#0"},
				"down": {"uv": [6.75, 0, 4.5, 2.25], "texture": "#0"}
			}
		},
		{
			"from": [3, -0.5, 3],
			"to": [13, 8.5, 13],
			"rotation": {"angle": 0, "axis": "y", "origin": [4.5, 0, 4.5]},
			"faces": {
				"north": {"uv": [2.25, 6.5, 4.5, 8.5], "texture": "#0"},
				"east": {"uv": [0, 6.5, 2.25, 8.5], "texture": "#0"},
				"south": {"uv": [6.75, 6.5, 9, 8.5], "texture": "#0"},
				"west": {"uv": [4.5, 6.5, 6.75, 8.5], "texture": "#0"},
				"up": {"uv": [4.5, 6.5, 2.25, 4.25], "texture": "#0"},
				"down": {"uv": [6.75, 4.25, 4.5, 6.5], "texture": "#0"}
			}
		},
		{
			"from": [13, 8.5, 13],
			"to": [3, -0.5, 3],
			"rotation": {"angle": 0, "axis": "y", "origin": [13.5, 8, 13.5]},
			"faces": {
				"north": {"uv": [6.75, 8.5, 9, 6.5], "texture": "#0"},
				"east": {"uv": [4.5, 8.5, 6.75, 6.5], "texture": "#0"},
				"south": {"uv": [2.25, 8.5, 4.5, 6.5], "texture": "#0"},
				"west": {"uv": [0, 8.5, 2.25, 6.5], "texture": "#0"},
				"up": {"uv": [4.5, 4.25, 6.75, 6.5], "texture": "#0"},
				"down": {"uv": [2.25, 6.5, 4.5, 4.25], "texture": "#0"}
			}
		},
		{
			"from": [7.5, 1, 2.5],
			"to": [8.5, 4, 3.5],
			"rotation": {"angle": 0, "axis": "y", "origin": [4.5, 0, -4.5]},
			"faces": {
				"north": {"uv": [9.25, 0.25, 9.5, 1], "texture": "#0"},
				"east": {"uv": [9, 0.25, 9.25, 1], "texture": "#0"},
				"south": {"uv": [9.75, 0.25, 10, 1], "texture": "#0"},
				"west": {"uv": [9.5, 0.25, 9.75, 1], "texture": "#0"},
				"up": {"uv": [9.5, 0.25, 9.25, 0], "texture": "#0"},
				"down": {"uv": [9.75, 0, 9.5, 0.25], "texture": "#0"}
			}
		}
	],
	"display": {
		"thirdperson_righthand": {
			"scale": [0, 0, 0]
		},
		"thirdperson_lefthand": {
			"scale": [0, 0, 0]
		},
		"firstperson_righthand": {
			"scale": [0, 0, 0]
		},
		"firstperson_lefthand": {
			"scale": [0, 0, 0]
		},
		"ground": {
			"scale": [0, 0, 0]
		},
		"gui": {
			"scale": [0, 0, 0]
		},
		"head": {
			"translation": [0, 6.4, 0],
			"scale": [1.6, 1.6, 1.6]
		}
	},
	"groups": [
		{
			"name": "Head2",
			"origin": [-20, 24, 0],
			"color": 0,
			"children": [0, 1, 2, 3]
		}
	]
}
