{
	"format_version": "1.21.11",
	"texture_size": [64, 64],
	"textures": {
		"0": "ww:item/skin/shark/head",
		"particle": "ww:item/skin/shark/head"
	},
	"elements": [
		{
			"from": [4, 0, 2],
			"to": [12, 7, 10],
			"rotation": {"angle": -45, "axis": "y", "origin": [8, 4, 6]},
			"faces": {
				"north": {"uv": [2, 2, 4, 3.75], "texture": "#0"},
				"east": {"uv": [0, 2, 2, 3.75], "texture": "#0"},
				"south": {"uv": [6, 2, 8, 3.75], "texture": "#0"},
				"west": {"uv": [4, 2, 6, 3.75], "texture": "#0"},
				"up": {"uv": [4, 2, 2, 0], "texture": "#0"},
				"down": {"uv": [6, 0, 4, 2], "texture": "#0"}
			}
		},
		{
			"from": [3.5, -0.5, 1.5],
			"to": [12.5, 7.5, 10.5],
			"rotation": {"angle": -45, "axis": "y", "origin": [8, 4, 6]},
			"faces": {
				"north": {"uv": [10, 2, 12, 3.75], "texture": "#0"},
				"east": {"uv": [8, 2, 10, 3.75], "texture": "#0"},
				"south": {"uv": [14, 2, 16, 3.75], "texture": "#0"},
				"west": {"uv": [12, 2, 14, 3.75], "texture": "#0"},
				"up": {"uv": [12, 2, 10, 0], "texture": "#0"},
				"down": {"uv": [14, 0, 12, 2], "texture": "#0"}
			}
		},
		{
			"from": [4.5, 7.5, 13.81371],
			"to": [-4.5, -0.5, 4.81371],
			"rotation": {"angle": -45, "axis": "y", "origin": [8, 11, 17.31371]},
			"faces": {
				"north": {"uv": [14, 3.75, 16, 2], "texture": "#0"},
				"east": {"uv": [12, 3.75, 14, 2], "texture": "#0"},
				"south": {"uv": [10, 3.75, 12, 2], "texture": "#0"},
				"west": {"uv": [8, 3.75, 10, 2], "texture": "#0"},
				"up": {"uv": [14, 0, 12, 2], "texture": "#0"},
				"down": {"uv": [12, 2, 10, 0], "texture": "#0"}
			}
		},
		{
			"from": [4, 2, 2],
			"to": [12, 2, 10],
			"rotation": {"angle": -45, "axis": "y", "origin": [8, 4, 6]},
			"faces": {
				"down": {"uv": [10, 3.75, 8, 5.75], "texture": "#0"}
			}
		},
		{
			"from": [8, 2, 0.36815],
			"to": [13.65685, 7.65685, 0.36815],
			"rotation": {"x": 35.26439, "y": -30, "z": -54.73561, "origin": [8, 2, 0.34315]},
			"faces": {
				"north": {"uv": [2, 8.25, 4, 6.25], "rotation": 90, "texture": "#0"},
				"south": {"uv": [4, 6.25, 2, 8.25], "texture": "#0"}
			}
		},
		{
			"from": [4, 0, 2],
			"to": [12, 2, 10],
			"rotation": {"x": -30.36119, "y": -40.78947, "z": 20.94102, "origin": [8, 2, 6]},
			"faces": {
				"north": {"uv": [2, 5.75, 4, 6.25], "texture": "#0"},
				"east": {"uv": [0, 5.75, 2, 6.25], "texture": "#0"},
				"south": {"uv": [6, 5.75, 8, 6.25], "texture": "#0"},
				"west": {"uv": [4, 5.75, 6, 6.25], "texture": "#0"},
				"up": {"uv": [4, 5.75, 2, 3.75], "texture": "#0"},
				"down": {"uv": [6, 3.75, 4, 5.75], "texture": "#0"}
			}
		},
		{
			"from": [8, -5.82164, 0.79875],
			"to": [13.65685, -0.16478, 0.79875],
			"rotation": {"x": -48.27323, "y": -11.0311, "z": 59.37532, "origin": [8, -0.16478, 0.77375]},
			"faces": {
				"north": {"uv": [0, 6.25, 2, 8.25], "rotation": 270, "texture": "#0"},
				"south": {"uv": [0, 8.25, 2, 6.25], "rotation": 270, "texture": "#0"}
			}
		},
		{
			"from": [2.34315, 2, 0.36815],
			"to": [8, 7.65685, 0.36815],
			"rotation": {"x": 35.26439, "y": 30, "z": 54.73561, "origin": [8, 2, 0.34315]},
			"faces": {
				"north": {"uv": [0, 6.25, 2, 8.25], "rotation": 90, "texture": "#0"},
				"south": {"uv": [2, 6.25, 0, 8.25], "rotation": 270, "texture": "#0"}
			}
		},
		{
			"from": [2.34315, -5.82164, 0.79875],
			"to": [8, -0.16478, 0.79875],
			"rotation": {"x": -48.27323, "y": 11.0311, "z": -59.37532, "origin": [8, -0.16478, 0.77375]},
			"faces": {
				"north": {"uv": [2, 8.25, 4, 6.25], "rotation": 270, "texture": "#0"},
				"south": {"uv": [4, 8.25, 2, 6.25], "rotation": 90, "texture": "#0"}
			}
		},
		{
			"from": [8, -3, 11.65685],
			"to": [8, 6, 16.65685],
			"rotation": {"angle": 0, "axis": "y", "origin": [7, 0, 7.65685]},
			"faces": {
				"east": {"uv": [10, 3.75, 11.25, 6], "texture": "#0"},
				"west": {"uv": [11.25, 3.75, 10, 6], "texture": "#0"}
			}
		}
	],
	"display": {
		"thirdperson_righthand": {
			"scale": [0, 0, 0]
		},
		"thirdperson_lefthand": {
			"scale": [0, 0, 0]
		},
		"firstperson_righthand": {
			"scale": [0, 0, 0]
		},
		"firstperson_lefthand": {
			"scale": [0, 0, 0]
		},
		"ground": {
			"scale": [0, 0, 0]
		},
		"gui": {
			"scale": [0, 0, 0]
		},
		"head": {
			"translation": [0, 6.4, 0],
			"scale": [1.6, 1.6, 1.6]
		}
	},
	"groups": [
		{
			"name": "Head5",
			"origin": [40, 24, 0],
			"color": 0,
			"children": [0, 1, 2, 3, 4, 5, 6, 7, 8, 9]
		}
	]
}
