{
  "format_version": "1.21.11",
  "texture_size": [
    64,
    64
  ],
  "textures": {
    "0": "ww:item/skin/pig/head_dead",
    "particle": "ww:item/skin/pig/head_dead"
  },
  "elements": [
    {
      "from": [
        3.5,
        0,
        4.5
      ],
      "to": [
        12.5,
        6,
        11.5
      ],
      "rotation": {
        "angle": 0,
        "axis": "y",
        "origin": [
          4.5,
          0,
          11.5
        ]
      },
      "faces": {
        "north": {
          "uv": [
            1.75,
            1.75,
            4,
            3.25
          ],
          "texture": "#0"
        },
        "east": {
          "uv": [
            0,
            1.75,
            1.75,
            3.25
          ],
          "texture": "#0"
        },
        "south": {
          "uv": [
            5.75,
            1.75,
            8,
            3.25
          ],
          "texture": "#0"
        },
        "west": {
          "uv": [
            4,
            1.75,
            5.75,
            3.25
          ],
          "texture": "#0"
        },
        "up": {
          "uv": [
            4,
            1.75,
            1.75,
            0
          ],
          "texture": "#0"
        },
        "down": {
          "uv": [
            6.25,
            0,
            4,
            1.75
          ],
          "texture": "#0"
        }
      }
    },
    {
      "from": [
        5.5,
        0,
        2.5
      ],
      "to": [
        10.5,
        3,
        4.5
      ],
      "rotation": {
        "angle": 0,
        "axis": "y",
        "origin": [
          4.5,
          0,
          4.5
        ]
      },
      "faces": {
        "north": {
          "uv": [
            0.5,
            3.75,
            1.75,
            4.5
          ],
          "texture": "#0"
        },
        "east": {
          "uv": [
            0,
            3.75,
            0.5,
            4.5
          ],
          "texture": "#0"
        },
        "south": {
          "uv": [
            2.25,
            3.75,
            3.5,
            4.5
          ],
          "texture": "#0"
        },
        "west": {
          "uv": [
            1.75,
            3.75,
            2.25,
            4.5
          ],
          "texture": "#0"
        },
        "up": {
          "uv": [
            1.75,
            3.75,
            0.5,
            3.25
          ],
          "texture": "#0"
        },
        "down": {
          "uv": [
            3,
            3.25,
            1.75,
            3.75
          ],
          "texture": "#0"
        }
      }
    },
    {
      "from": [
        3,
        -0.5,
        4
      ],
      "to": [
        13,
        6.5,
        12
      ],
      "rotation": {
        "angle": 0,
        "axis": "y",
        "origin": [
          4.5,
          0,
          11.5
        ]
      },
      "faces": {
        "north": {
          "uv": [
            9.75,
            1.75,
            12,
            3.25
          ],
          "texture": "#0"
        },
        "east": {
          "uv": [
            8,
            1.75,
            9.75,
            3.25
          ],
          "texture": "#0"
        },
        "south": {
          "uv": [
            13.75,
            1.75,
            16,
            3.25
          ],
          "texture": "#0"
        },
        "west": {
          "uv": [
            12,
            1.75,
            13.75,
            3.25
          ],
          "texture": "#0"
        },
        "up": {
          "uv": [
            12,
            1.75,
            9.75,
            0
          ],
          "texture": "#0"
        },
        "down": {
          "uv": [
            14.25,
            0,
            12,
            1.75
          ],
          "texture": "#0"
        }
      }
    },
    {
      "from": [
        4.5,
        6,
        4.5
      ],
      "to": [
        11.5,
        9,
        11.5
      ],
      "rotation": {
        "angle": 0,
        "axis": "y",
        "origin": [
          4.5,
          6,
          11.5
        ]
      },
      "faces": {
        "north": {
          "uv": [
            1.75,
            6.25,
            3.5,
            7
          ],
          "texture": "#0"
        },
        "east": {
          "uv": [
            0,
            6.25,
            1.75,
            7
          ],
          "texture": "#0"
        },
        "south": {
          "uv": [
            5.25,
            6.25,
            7,
            7
          ],
          "texture": "#0"
        },
        "west": {
          "uv": [
            3.5,
            6.25,
            5.25,
            7
          ],
          "texture": "#0"
        },
        "up": {
          "uv": [
            3.5,
            6.25,
            1.75,
            4.5
          ],
          "texture": "#0"
        },
        "down": {
          "uv": [
            5.25,
            4.5,
            3.5,
            6.25
          ],
          "texture": "#0"
        }
      }
    },
    {
      "from": [
        6.5,
        6,
        3.5
      ],
      "to": [
        9.5,
        10,
        12.5
      ],
      "rotation": {
        "angle": 0,
        "axis": "y",
        "origin": [
          4.5,
          9,
          11.5
        ]
      },
      "faces": {
        "north": {
          "uv": [
            2.25,
            9.25,
            3,
            10.25
          ],
          "texture": "#0"
        },
        "east": {
          "uv": [
            0,
            9.25,
            2.25,
            10.25
          ],
          "texture": "#0"
        },
        "south": {
          "uv": [
            5.25,
            9.25,
            6,
            10.25
          ],
          "texture": "#0"
        },
        "west": {
          "uv": [
            3,
            9.25,
            5.25,
            10.25
          ],
          "texture": "#0"
        },
        "up": {
          "uv": [
            3,
            9.25,
            2.25,
            7
          ],
          "texture": "#0"
        },
        "down": {
          "uv": [
            3.75,
            7,
            3,
            9.25
          ],
          "texture": "#0"
        }
      }
    },
    {
      "from": [
        3.5,
        6,
        0.5
      ],
      "to": [
        12.5,
        6,
        12.5
      ],
      "rotation": {
        "angle": 0,
        "axis": "y",
        "origin": [
          4.5,
          6,
          11.5
        ]
      },
      "faces": {
        "north": {
          "uv": [
            6,
            10,
            8.25,
            10
          ],
          "texture": "#0"
        },
        "east": {
          "uv": [
            3,
            10,
            6,
            10
          ],
          "texture": "#0"
        },
        "south": {
          "uv": [
            11.25,
            10,
            13.5,
            10
          ],
          "texture": "#0"
        },
        "west": {
          "uv": [
            8.25,
            10,
            11.25,
            10
          ],
          "texture": "#0"
        },
        "up": {
          "uv": [
            8.25,
            10,
            6,
            7
          ],
          "texture": "#0"
        },
        "down": {
          "uv": [
            10.5,
            7,
            8.25,
            10
          ],
          "texture": "#0"
        }
      }
    },
    {
      "from": [
        13,
        6.5,
        12
      ],
      "to": [
        3,
        -0.5,
        4
      ],
      "rotation": {
        "angle": 0,
        "axis": "y",
        "origin": [
          13.5,
          6,
          18.5
        ]
      },
      "faces": {
        "north": {
          "uv": [
            13.75,
            3.25,
            16,
            1.75
          ],
          "texture": "#0"
        },
        "east": {
          "uv": [
            12,
            3.25,
            13.75,
            1.75
          ],
          "texture": "#0"
        },
        "south": {
          "uv": [
            9.75,
            3.25,
            12,
            1.75
          ],
          "texture": "#0"
        },
        "west": {
          "uv": [
            8,
            3.25,
            9.75,
            1.75
          ],
          "texture": "#0"
        }
      }
    }
  ],
  "display": {
    "thirdperson_righthand": {
      "scale": [
        0,
        0,
        0
      ]
    },
    "thirdperson_lefthand": {
      "scale": [
        0,
        0,
        0
      ]
    },
    "firstperson_righthand": {
      "scale": [
        0,
        0,
        0
      ]
    },
    "firstperson_lefthand": {
      "scale": [
        0,
        0,
        0
      ]
    },
    "ground": {
      "scale": [
        0,
        0,
        0
      ]
    },
    "gui": {
      "scale": [
        0,
        0,
        0
      ]
    },
    "head": {
      "translation": [
        0,
        6.4,
        0
      ],
      "scale": [
        1.6,
        1.6,
        1.6
      ]
    }
  },
  "groups": [
    {
      "name": "Head8",
      "origin": [
        80,
        24,
        0
      ],
      "color": 0,
      "children": []
    },
    0,
    1,
    2,
    3,
    4,
    5,
    6
  ]
}
