{
  "model": {
    "type": "minecraft:select",
    "property": "minecraft:display_context",
    "cases": [
      {
        "when": "head",
        "model": {
          "type": "minecraft:select",
          "property": "minecraft:custom_model_data",
          "cases": [
            {
              "when": "hurt",
              "model": {
                "type": "minecraft:model",
                "model": "ww:item/skin/head/hurt/fox"
              }
            },
            {
              "when": "dead",
              "model": {
                "type": "minecraft:model",
                "model": "ww:item/skin/head/dead/fox"
              }
            }
          ],
          "fallback": {
            "type": "minecraft:model",
            "model": "ww:item/skin/head/fox"
          }
        }
      },
      {
        "when": "gui",
        "model": {
          "type": "minecraft:composite",
          "models": [
            {
              "type": "minecraft:model",
              "model": "ww:item/skin/background",
              "tints": [
                {
                  "type": "minecraft:constant",
                  "value": 66046
                }
              ]
            },
            {
              "type": "minecraft:model",
              "model": "ww:item/skin/fox/north",
              "tints": [
                {
                  "type": "minecraft:constant",
                  "value": 14079702
                }
              ]
            },
            {
              "type": "minecraft:model",
              "model": "ww:item/skin/fox/east",
              "tints": [
                {
                  "type": "minecraft:constant",
                  "value": 10724259
                }
              ]
            },
            {
              "type": "minecraft:model",
              "model": "ww:item/skin/fox/south",
              "tints": [
                {
                  "type": "minecraft:constant",
                  "value": 13750737
                }
              ]
            },
            {
              "type": "minecraft:model",
              "model": "ww:item/skin/fox/west",
              "tints": [
                {
                  "type": "minecraft:constant",
                  "value": 10197915
                }
              ]
            },
            {
              "type": "minecraft:model",
              "model": "ww:item/skin/fox/up",
              "tints": [
                {
                  "type": "minecraft:constant",
                  "value": 16777215
                }
              ]
            },
            {
              "type": "minecraft:model",
              "model": "ww:item/skin/fox/down",
              "tints": [
                {
                  "type": "minecraft:constant",
                  "value": 8158332
                }
              ]
            }
          ]
        }
      }
    ],
    "fallback": {
      "type": "minecraft:model",
      "model": "minecraft:item/air"
    }
  },
  "oversized_in_gui": true
}
