{
  "model": {
    "type": "minecraft:select",
    "property": "minecraft:display_context",
    "cases": [
      {
        "when": "head",
        "model": {
          "type": "minecraft:select",
          "property": "minecraft:custom_model_data",
          "cases": [
            {
              "when": "hurt",
              "model": {
                "type": "minecraft:model",
                "model": "ww:item/skin/head/hurt/shark"
              }
            },
            {
              "when": "dead",
              "model": {
                "type": "minecraft:model",
                "model": "ww:item/skin/head/dead/shark"
              }
            }
          ],
          "fallback": {
            "type": "minecraft:model",
            "model": "ww:item/skin/head/shark"
          }
        }
      },
      {
        "when": "gui",
        "model": {
          "type": "minecraft:model",
          "model": "ww:item/portrait/shark"
        }
      }
    ],
    "fallback": {
      "type": "minecraft:model",
      "model": "minecraft:item/air"
    }
  },
  "oversized_in_gui": true
}
