{
	"textures": {
		"0": "ww:item/skybox/lightning",
		"1": "ww:item/skybox/lightning_cap",
		"particle": "ww:item/skybox/lightning"
	},
	"elements": [
		{
			"from": [9.5913, 24, 16],
			"to": [6.4087, 8, 0],
			"light_emission": 15,
			"rotation": {"angle": 11.25, "axis": "y", "origin": [8, 24, 8]},
			"faces": {
				"north": {"uv": [8, 16, 7, 0], "texture": "#0", "tintindex": 0},
				"south": {"uv": [16, 16, 15, 0], "texture": "#0", "tintindex": 0}
			}
		},
		{
			"from": [0, 24, 0],
			"to": [16, 24, 16],
			"light_emission": 15,
			"rotation": {"angle": 11.25, "axis": "y", "origin": [8, 24, 8]},
			"faces": {
				"down": {"uv": [0, 0, 16, 16], "texture": "#1", "tintindex": 0}
			}
		},
		{
			"from": [9.5913, 24, 16],
			"to": [6.4087, 8, 0],
			"light_emission": 15,
			"rotation": {"angle": 33.75, "axis": "y", "origin": [8, 24, 8]},
			"faces": {
				"north": {"uv": [7, 16, 6, 0], "texture": "#0", "tintindex": 0},
				"south": {"uv": [15, 16, 14, 0], "texture": "#0", "tintindex": 0}
			}
		},
		{
			"from": [9.5913, 24, 16],
			"to": [6.4087, 8, 0],
			"light_emission": 15,
			"rotation": {"x": 0, "y": 56.25, "z": 0, "origin": [8, 24, 8]},
			"faces": {
				"north": {"uv": [6, 16, 5, 0], "texture": "#0", "tintindex": 0},
				"south": {"uv": [14, 16, 13, 0], "texture": "#0", "tintindex": 0}
			}
		},
		{
			"from": [9.5913, 24, 16],
			"to": [6.4087, 8, 0],
			"light_emission": 15,
			"rotation": {"x": 0, "y": 78.75, "z": 0, "origin": [8, 24, 8]},
			"faces": {
				"north": {"uv": [5, 16, 4, 0], "texture": "#0", "tintindex": 0},
				"south": {"uv": [13, 16, 12, 0], "texture": "#0", "tintindex": 0}
			}
		},
		{
			"from": [9.5913, 24, 16],
			"to": [6.4087, 8, 0],
			"light_emission": 15,
			"rotation": {"x": 0, "y": 101.25, "z": 0, "origin": [8, 24, 8]},
			"faces": {
				"north": {"uv": [4, 16, 3, 0], "texture": "#0", "tintindex": 0},
				"south": {"uv": [12, 16, 11, 0], "texture": "#0", "tintindex": 0}
			}
		},
		{
			"from": [9.5913, 24, 16],
			"to": [6.4087, 8, 0],
			"light_emission": 15,
			"rotation": {"x": 0, "y": 123.75, "z": 0, "origin": [8, 24, 8]},
			"faces": {
				"north": {"uv": [3, 16, 2, 0], "texture": "#0", "tintindex": 0},
				"south": {"uv": [11, 16, 10, 0], "texture": "#0", "tintindex": 0}
			}
		},
		{
			"from": [9.5913, 24, 16],
			"to": [6.4087, 8, 0],
			"light_emission": 15,
			"rotation": {"x": 0, "y": 146.25, "z": 0, "origin": [8, 24, 8]},
			"faces": {
				"north": {"uv": [2, 16, 1, 0], "texture": "#0", "tintindex": 0},
				"south": {"uv": [10, 16, 9, 0], "texture": "#0", "tintindex": 0}
			}
		},
		{
			"from": [9.5913, 24, 16],
			"to": [6.4087, 8, 0],
			"light_emission": 15,
			"rotation": {"x": 0, "y": 168.75, "z": 0, "origin": [8, 24, 8]},
			"faces": {
				"north": {"uv": [1, 16, 0, 0], "texture": "#0", "tintindex": 0},
				"south": {"uv": [9, 16, 8, 0], "texture": "#0", "tintindex": 0}
			}
		},
		{
			"from": [9.5913, 8, 16],
			"to": [6.4087, -8, 0],
			"light_emission": 15,
			"rotation": {"angle": 11.25, "axis": "y", "origin": [8, -8, 8]},
			"faces": {
				"north": {"uv": [8, 0, 7, 16], "texture": "#0", "tintindex": 0},
				"south": {"uv": [16, 0, 15, 16], "texture": "#0", "tintindex": 0}
			}
		},
		{
			"from": [0, -8, 0],
			"to": [16, -8, 16],
			"light_emission": 15,
			"rotation": {"angle": 11.25, "axis": "y", "origin": [8, -8, 8]},
			"faces": {
				"up": {"uv": [0, 16, 16, 0], "texture": "#1", "tintindex": 0}
			}
		},
		{
			"from": [9.5913, 8, 16],
			"to": [6.4087, -8, 0],
			"light_emission": 15,
			"rotation": {"angle": 33.75, "axis": "y", "origin": [8, -8, 8]},
			"faces": {
				"north": {"uv": [7, 0, 6, 16], "texture": "#0", "tintindex": 0},
				"south": {"uv": [15, 0, 14, 16], "texture": "#0", "tintindex": 0}
			}
		},
		{
			"from": [9.5913, 8, 16],
			"to": [6.4087, -8, 0],
			"light_emission": 15,
			"rotation": {"x": 0, "y": 56.25, "z": 0, "origin": [8, -8, 8]},
			"faces": {
				"north": {"uv": [6, 0, 5, 16], "texture": "#0", "tintindex": 0},
				"south": {"uv": [14, 0, 13, 16], "texture": "#0", "tintindex": 0}
			}
		},
		{
			"from": [9.5913, 8, 16],
			"to": [6.4087, -8, 0],
			"light_emission": 15,
			"rotation": {"x": 0, "y": 78.75, "z": 0, "origin": [8, -8, 8]},
			"faces": {
				"north": {"uv": [5, 0, 4, 16], "texture": "#0", "tintindex": 0},
				"south": {"uv": [13, 0, 12, 16], "texture": "#0", "tintindex": 0}
			}
		},
		{
			"from": [9.5913, 8, 16],
			"to": [6.4087, -8, 0],
			"light_emission": 15,
			"rotation": {"x": 0, "y": 101.25, "z": 0, "origin": [8, -8, 8]},
			"faces": {
				"north": {"uv": [4, 0, 3, 16], "texture": "#0", "tintindex": 0},
				"south": {"uv": [12, 0, 11, 16], "texture": "#0", "tintindex": 0}
			}
		},
		{
			"from": [9.5913, 8, 16],
			"to": [6.4087, -8, 0],
			"light_emission": 15,
			"rotation": {"x": 0, "y": 123.75, "z": 0, "origin": [8, -8, 8]},
			"faces": {
				"north": {"uv": [3, 0, 2, 16], "texture": "#0", "tintindex": 0},
				"south": {"uv": [11, 0, 10, 16], "texture": "#0", "tintindex": 0}
			}
		},
		{
			"from": [9.5913, 8, 16],
			"to": [6.4087, -8, 0],
			"light_emission": 15,
			"rotation": {"x": 0, "y": 146.25, "z": 0, "origin": [8, -8, 8]},
			"faces": {
				"north": {"uv": [2, 0, 1, 16], "texture": "#0", "tintindex": 0},
				"south": {"uv": [10, 0, 9, 16], "texture": "#0", "tintindex": 0}
			}
		},
		{
			"from": [9.5913, 8, 16],
			"to": [6.4087, -8, 0],
			"light_emission": 15,
			"rotation": {"x": 0, "y": 168.75, "z": 0, "origin": [8, -8, 8]},
			"faces": {
				"north": {"uv": [1, 0, 0, 16], "texture": "#0", "tintindex": 0},
				"south": {"uv": [9, 0, 8, 16], "texture": "#0", "tintindex": 0}
			}
		}
	]
}