{
  "providers": [
    {
      "type": "space",
      "advances": {
        " ": 2
      }
    },
    {
      "type": "bitmap",
      "file": "ww:font/chat_heads/fox.png",
      "ascent": 7,
      "height": 8,
      "chars": [
        "\u1001"
      ]
    },
    {
      "type": "bitmap",
      "file": "ww:font/chat_heads/bee.png",
      "ascent": 7,
      "height": 8,
      "chars": [
        "\u1002"
      ]
    },
    {
      "type": "bitmap",
      "file": "ww:font/chat_heads/parrot.png",
      "ascent": 7,
      "height": 8,
      "chars": [
        "\u1003"
      ]
    },
    {
      "type": "bitmap",
      "file": "ww:font/chat_heads/pigeon.png",
      "ascent": 7,
      "height": 8,
      "chars": [
        "\u1004"
      ]
    },
    {
      "type": "bitmap",
      "file": "ww:font/chat_heads/clownfish.png",
      "ascent": 7,
      "height": 8,
      "chars": [
        "\u1005"
      ]
    },
    {
      "type": "bitmap",
      "file": "ww:font/chat_heads/wolf.png",
      "ascent": 7,
      "height": 8,
      "chars": [
        "\u1006"
      ]
    },
    {
      "type": "bitmap",
      "file": "ww:font/chat_heads/mosquito.png",
      "ascent": 7,
      "height": 8,
      "chars": [
        "\u1007"
      ]
    },
    {
      "type": "bitmap",
      "file": "ww:font/chat_heads/frog.png",
      "ascent": 7,
      "height": 8,
      "chars": [
        "\u1008"
      ]
    },
    {
      "type": "bitmap",
      "file": "ww:font/chat_heads/owl.png",
      "ascent": 7,
      "height": 8,
      "chars": [
        "\u1009"
      ]
    },
    {
      "type": "bitmap",
      "file": "ww:font/chat_heads/shark.png",
      "ascent": 7,
      "height": 8,
      "chars": [
        "\u100a"
      ]
    },
    {
      "type": "bitmap",
      "file": "ww:font/chat_heads/pig.png",
      "ascent": 7,
      "height": 8,
      "chars": [
        "\u100b"
      ]
    }
  ]
}
