{
    "providers": [
        {
            "type": "bitmap",
            "file": "ww:gui/wiki_background.png",
            "ascent": 7,
            "height": 252,
            "chars": [
                "A"
            ]
        },
        {
            "type": "bitmap",
            "file": "ww:gui/wiki_background_center.png",
            "ascent": 24,
            "height": 252,
            "chars": [
                "B"
            ]
        },
        {
            "type": "bitmap",
            "file": "ww:gui/wiki_background_bottom.png",
            "ascent": 17,
            "height": 19,
            "chars": [
                "C"
            ]
        }
    ]
}
