{
	"textures": {
		"0": "#texture",
		"particle": "#texture"
	},
	"elements": [
		{
			"from": [-16, -16, 32],
			"to": [32, 32, 32],
			"rotation": {"angle": 0, "axis": "y", "origin": [-16, 7.5, 32]},
			"faces": {
				"north": {"uv": [5.3333, 0, 10.66663, 16], "texture": "#0"}
			}
		},
		{
			"from": [-16, -16, 31.99162],
			"to": [32, 32, 31.99162],
			"rotation": {"x": 0, "y": -180, "z": 0, "origin": [31.989, 8, 31.99581]},
			"faces": {
				"south": {"uv": [0, 0, 5.33333, 16], "texture": "#0"}
			}
		},
		{
			"from": [-16, -16, 32],
			"to": [32, 32, 32],
			"rotation": {"x": 0, "y": -180, "z": 0, "origin": [-16, 7.5, 32]},
			"faces": {
				"south": {"uv": [10.66667, 0, 16, 16], "texture": "#0"}
			}
		}
	],
	"gui_light": "front",
	"display": {
		"gui": {
			"rotation": [0, -180, 0],
			"translation": [0, 80, 0],
			"scale": [4, 4, 4]
		}
	}
}