{
	"textures": {
		"0": "#texture",
		"particle": "#texture"
	},
	"elements": [
		{
			"from": [-16, -16, 32],
			"to": [32, 32, 32],
			"rotation": {"angle": -45, "axis": "y", "origin": [-16, 7.5, 32]},
			"faces": {
				"north": {"uv": [4, 0, 8, 16], "texture": "#0"}
			}
		},
		{
			"from": [-16, -16, 31.39442],
			"to": [32, 32, 31.39442],
			"rotation": {"angle": -45, "axis": "y", "origin": [-40.73407, 7.5, 89.64576]},
			"faces": {
				"north": {"uv": [0, 0, 4, 16], "texture": "#0"}
			}
		},
		{
			"from": [-16, -16, -7.75772],
			"to": [32, 32, -7.75772],
			"rotation": {"angle": -45, "axis": "y", "origin": [-15.99138, 7.5, -103.76214]},
			"faces": {
				"north": {"uv": [12, 0, 16, 16], "texture": "#0"}
			}
		},
		{
			"from": [-16, -16, 32],
			"to": [32, 32, 32],
			"rotation": {"x": 0, "y": 135, "z": 0, "origin": [-16, 7.5, 32]},
			"faces": {
				"south": {"uv": [8, 0, 12, 16], "texture": "#0"}
			}
		}
	],
	"gui_light": "front",
	"display": {
		"gui": {
			"rotation": [0, -135, 0],
			"translation": [0, 54, 0],
			"scale": [2.66667, 2.66667, 2.66667]
		}
	}
}