{
  "format_version": "1.21.11",
  "texture_size": [
    64,
    64
  ],
  "textures": {
    "0": "ww:item/skin/purple/head_hurt",
    "particle": "ww:item/skin/purple/head_hurt"
  },
  "elements": [
    {
      "from": [
        3,
        0,
        4
      ],
      "to": [
        13,
        6,
        12
      ],
      "rotation": {
        "angle": 0,
        "axis": "y",
        "origin": [
          2,
          0,
          3
        ]
      },
      "faces": {
        "north": {
          "uv": [
            2,
            2,
            4.5,
            3.5
          ],
          "texture": "#0"
        },
        "east": {
          "uv": [
            0,
            2,
            2,
            3.5
          ],
          "texture": "#0"
        },
        "south": {
          "uv": [
            6.5,
            2,
            9,
            3.5
          ],
          "texture": "#0"
        },
        "west": {
          "uv": [
            4.5,
            2,
            6.5,
            3.5
          ],
          "texture": "#0"
        },
        "up": {
          "uv": [
            4.5,
            2,
            2,
            0
          ],
          "texture": "#0"
        },
        "down": {
          "uv": [
            7,
            0,
            4.5,
            2
          ],
          "texture": "#0"
        }
      }
    },
    {
      "from": [
        6.5,
        6,
        8
      ],
      "to": [
        9.5,
        10,
        11
      ],
      "rotation": {
        "angle": 0,
        "axis": "y",
        "origin": [
          2.5,
          7,
          2
        ]
      },
      "faces": {
        "north": {
          "uv": [
            13.25,
            0.25,
            14,
            1.25
          ],
          "texture": "#0"
        },
        "east": {
          "uv": [
            12.5,
            0.25,
            13.25,
            1.25
          ],
          "texture": "#0"
        },
        "south": {
          "uv": [
            14.75,
            0.25,
            15.5,
            1.25
          ],
          "texture": "#0"
        },
        "west": {
          "uv": [
            14,
            0.25,
            14.75,
            1.25
          ],
          "texture": "#0"
        }
      }
    },
    {
      "from": [
        9.5,
        10,
        11
      ],
      "to": [
        6.5,
        6,
        8
      ],
      "rotation": {
        "angle": 0,
        "axis": "y",
        "origin": [
          5.5,
          9,
          5
        ]
      },
      "faces": {
        "north": {
          "uv": [
            13.25,
            1.25,
            14,
            0.25
          ],
          "texture": "#0"
        },
        "east": {
          "uv": [
            12.5,
            1.25,
            13.25,
            0.25
          ],
          "texture": "#0"
        },
        "south": {
          "uv": [
            14.75,
            1.25,
            15.5,
            0.25
          ],
          "texture": "#0"
        },
        "west": {
          "uv": [
            14,
            1.25,
            14.75,
            0.25
          ],
          "texture": "#0"
        }
      }
    },
    {
      "from": [
        6,
        -2,
        4
      ],
      "to": [
        9,
        0,
        4
      ],
      "rotation": {
        "angle": 0,
        "axis": "y",
        "origin": [
          2,
          -5,
          3
        ]
      },
      "faces": {
        "north": {
          "uv": [
            12.5,
            1.25,
            13.25,
            1.75
          ],
          "texture": "#0"
        },
        "south": {
          "uv": [
            13.25,
            1.25,
            14,
            1.75
          ],
          "texture": "#0"
        }
      }
    },
    {
      "from": [
        9,
        6,
        4
      ],
      "to": [
        13,
        8,
        7
      ],
      "rotation": {
        "angle": 0,
        "axis": "y",
        "origin": [
          2,
          6,
          3
        ]
      },
      "faces": {
        "north": {
          "uv": [
            9.75,
            0.75,
            10.75,
            1.25
          ],
          "texture": "#0"
        },
        "east": {
          "uv": [
            9,
            0.75,
            9.75,
            1.25
          ],
          "texture": "#0"
        },
        "south": {
          "uv": [
            11.5,
            0.75,
            12.5,
            1.25
          ],
          "texture": "#0"
        },
        "west": {
          "uv": [
            10.75,
            0.75,
            11.5,
            1.25
          ],
          "texture": "#0"
        },
        "up": {
          "uv": [
            10.75,
            0.75,
            9.75,
            0
          ],
          "texture": "#0"
        }
      }
    },
    {
      "from": [
        3,
        6,
        4
      ],
      "to": [
        7,
        8,
        7
      ],
      "rotation": {
        "angle": 0,
        "axis": "y",
        "origin": [
          -4,
          6,
          3
        ]
      },
      "faces": {
        "north": {
          "uv": [
            9.75,
            2,
            10.75,
            2.5
          ],
          "texture": "#0"
        },
        "east": {
          "uv": [
            9,
            2,
            9.75,
            2.5
          ],
          "texture": "#0"
        },
        "south": {
          "uv": [
            11.5,
            2,
            12.5,
            2.5
          ],
          "texture": "#0"
        },
        "west": {
          "uv": [
            10.75,
            2,
            11.5,
            2.5
          ],
          "texture": "#0"
        },
        "up": {
          "uv": [
            10.75,
            2,
            9.75,
            1.25
          ],
          "texture": "#0"
        }
      }
    }
  ],
  "display": {
    "thirdperson_righthand": {
      "scale": [
        0,
        0,
        0
      ]
    },
    "thirdperson_lefthand": {
      "scale": [
        0,
        0,
        0
      ]
    },
    "firstperson_righthand": {
      "scale": [
        0,
        0,
        0
      ]
    },
    "firstperson_lefthand": {
      "scale": [
        0,
        0,
        0
      ]
    },
    "ground": {
      "scale": [
        0,
        0,
        0
      ]
    },
    "gui": {
      "scale": [
        0,
        0,
        0
      ]
    },
    "head": {
      "translation": [
        0,
        6.4,
        0
      ],
      "scale": [
        1.6,
        1.6,
        1.6
      ]
    }
  },
  "groups": [
    {
      "name": "Head",
      "origin": [
        0,
        24,
        0
      ],
      "color": 0,
      "children": [
        0,
        1,
        2,
        3,
        4,
        5
      ]
    }
  ]
}
